State	Organization	URL	Status	Title	Meta_Description	H1	Word_Count	Nav_Links	Donate_Link	Newsletter_Link
Ohio	Black Swamp Conservancy	https://www.blackswamp.org/	OK	Home | Black Swamp Conservancy			6634.0	Other Ways to Give, Conservation Easement Monitoring, Current News, Upcoming Events, Food & Farm, Volunteer, Donate Now, Staff, Planned Giving, Newsletters, Learning Landscapes, Habitat Restoration, Honorary Gifts & Memorial Benches, Education, Native Plants, Home, Support, Protecting Land, Merchandise, Mission Statement, About Us, Work at Black Swamp Conservancy, So Wild a Place, Board of Trustees, Conservation Options, Get Involved, Event Calendar, Land We Protect, Paddle and Groove, News, Scholarship	True	True
Ohio	Cardinal Land Conservancy	https://cardinallandtrust.org/	"Error: HTTPSConnectionPool(host='cardinallandtrust.org', port=443): Max retries exceeded with url: / (Caused by NameResolutionError(""<urllib3.connection.HTTPSConnection object at 0x109c40e10>: Failed to resolve 'cardinallandtrust.org' ([Errno 8] nodename nor servname provided, or not known)""))"							
Ohio	Gates Mills Land Conservancy	https://www.gatesmillslandtrust.org/	"Error: HTTPSConnectionPool(host='www.gatesmillslandtrust.org', port=443): Max retries exceeded with url: / (Caused by NameResolutionError(""<urllib3.connection.HTTPSConnection object at 0x109c41e50>: Failed to resolve 'www.gatesmillslandtrust.org' ([Errno 8] nodename nor servname provided, or not known)""))"							
Ohio	Licking Land Trust	https://www.lickinglandtrust.org/	OK	Licking Land Trust		Preserving OurRural Landscapes | Nationally Accredited	239.0	LLT Portraits, CAUV Information, Contact, Board, Mission, Volunteer, Membership, Action, Legacy Club, Cart 0, Events, borderimage, Who We Are, Publications, Conservation Map, Welcome, Home, Support, Job Postings, Stories of Protected Land, Conservation Easements, About Us, Featured Properties, Conservation, Accreditation	True	False
Ohio	Tecumseh Land Trust	https://tecumsehlandtrust.org/	"Error: HTTPSConnectionPool(host='tecumsehlandtrust.org', port=443): Max retries exceeded with url: / (Caused by SSLError(SSLCertVerificationError(1, ""[SSL: CERTIFICATE_VERIFY_FAILED] certificate verify failed: Hostname mismatch, certificate is not valid for 'tecumsehlandtrust.org'. (_ssl.c:1028)"")))"							
Ohio	Western Reserve Land Conservancy	https://www.wrlandconservancy.org/	OK	Western Reserve Land Conservancy | Northeast OH Conservation	At Western Reserve Land Conservancy, we are committed to the preservation and restoration of the natural environment in northeast Ohio.	Preserving Ohio's Lands for Future Generations.	719.0	Carbon Credits for Individuals, Forest City Tribute Trees, Contact, Our Staff, What We Do, Our Trustees, Support Our Work, Carbon Credits, Careers & Internships, Ashcroft Woods, Conserve, Reforest Our City, Education & Outreach, Events, Thurgood Marshall Green, Donate, Who We Are, Publications, Thriving Communities, Connect With Us, Neighborhood Stabilization, Sustain, Our History, Job Opportunities, Our Mission, White Oak Legacy Society, Protect Your Property, Sugar Island Preserve, Kister Mill, Privacy Policy, Connect, Our Offices, Sporting Circle, Get Involved, Parks & Preserves, Contact Us, News, Special Projects, Brighton Park, Properties For Sale, Corporate Partnerships, Oberlin Preserve	True	False
Oregon	Deschutes Land Trust	https://www.deschuteslandtrust.org/	OK	Homepage â€” Deschutes Land Trust		Caring for the lands and waters that sustain Central Oregonians	463.0	Camp Polk Meadow Preserve, Walk + Hike Ratings, Rimrock Ranch, Meet our Supporters, Coffer Ranch, Join, Internships, Current News, Native American Stewards of the Land, Willow Springs Preserve, Spring Creek, Aspen Hollow Preserve, Our Work, Equity and Inclusion, Metolius Preserve, Volunteer Opportunities, Paulina Creek Preserve, Volunteer, Five Rivers Society, Staff, Financial, Trusting the Land Blog, Aspen Valley Ranch, Planned Giving, Newsletters, Support While You Shop, Plant Your Own Milkweed, Conserve your land, Protected Lands, Thomas Preserve, Strategic Plan, Stock Transfers, Donate, Emerging Conservationists, Hikes + Events, Visit our Preserves, Land Trust Merch, Current Projects, Climate Change, All Walks + Hikes, Home, Support, Our Partners, Privacy Policy, Whychus Canyon Preserve, Neighbor News, E-Newsletter, Careers, About Us, Hopkins-Young Special Management Area, Monthly Giving, Alder Springs, Annual Reports, Visit, Ochoco Preserve, Volunteer Awards, Other Conserved Lands, Trout Creek Conservation Area, Contact Us, Volunteer With Us, Indian Ford Meadow Preserve, News, Search, Metolius River Preserve, Walk + Hike Leaders, The Cottonwood Circle, Board of Directors, Nature Nights, Current Events, Priday Ranch	False	True
Oregon	Friends of the Columbia Gorge Land Trust	https://gorgefriends.org/	OK	Friends of the Columbia Gorge - Ensuring the Gorge remains a vibrant, living placeâ€”wondrous, wild, and open to all.	Ensuring the Gorge remains a vibrant, living placeâ€”wondrous, wild, and open to all.	Join Us in Protecting the Columbia Gorge | Join our online community to get the latest conservation updates, action alerts, and invitations to guided outdoor outings and special events delivered to your inbox. Opt out any time.	875.0	EspaÃ±ol, Enforcing Protection Laws, Contact, What We Do, Outdoor Programs, Friends of the Columbia Gorge Land Trust, Shop, Youth & Community Education, Our Team, Ways to Give, Magazines & Annual Reports, Volunteer, Our Preserves, Protect & Conserve, Share the Wonder, Gorge Towns to Trails, Events, Who We Are, Our Accomplishments, Explore, Donate, Give Now, Newsroom, Advocacy Campaigns, Our Mission, Privacy Policy, Careers, Subscribe, Cookie Policy, Friends of the Columbia Gorge, Gorge Accessibility Project, Outdoor Engagement, Take Action, Get Involved, Accessibility, Find a Hike, Financials, Volunteer Stewardship, About the Gorge, Become a Member, Strategic Plan 2025-2027	True	True
Oregon	Greenbelt Land Trust	https://greenbeltlandtrust.org/	OK	Greenbelt Land Trust | For a more resilient future			689.0	Contact, Community Voices, Newsletter & Annual Report, Landowner Contact Form, Meet the Staff, Greenbelt History, Volunteer, Estate Planning, Properties Protected, Meet the Board, Stock Donations, Events, Mighty Acorns Kids Club, Donate, Conservation FAQ, Board of Directors Recruitment, Support Us, Jobs, About Us, Stewarding Land, Get Involved, eNews Sign-Up, Become a Member, Conserving Land, Current Trail Closure Information, Bald Hill Farm Pavilion	True	True
Oregon	McKenzie River Trust	https://www.mckenzieriver.org/	OK	Home - McKenzie River Trust | Protecting Lands in Western Oregon		Protecting Oregonâ€™s Natural Landsâ€‹	986.0	Contact, How to Protect Your Land, Annual Report, Business Supporters, Staff and Board, Terms, Ways to Give, Volunteer, Privacy, Protected Lands, Planned and Estate Giving, Events, Donate, Restoration, Home, Our History, Jobs, Charitable Disclosures, About Us, Get Involved, Blog	True	False
Oregon	North Coast Land Conservancy	https://nclctrust.org/	OK	Non-profit doing conservation work on the Oregon Coast	We all rely on the well-being of our surroundings. At NCLC, we work to conserve Oregon's coastal land and seascapes.	Helping to conserve Oregon's coastal lands and waters, forever.	886.0	Where We Work, Shop NCLC Swag, Vietnamese, Contact, Our Story, A Relationship with Indigenous Lands, Our Work, About, Spanish, Partners, Public Access Policies, Volunteer, Staff, Newsletters, Marine Program of NCLC, Events, Donate, Stewardship, Russian, English, Career Opportunities, Cape Falcon Marine Reserve, Annual Reports, Bulletins, Circle Creek Conservation Center, Get Involved, Conservation, News, Board of Directors	True	True
Oregon	Southern Oregon Land Conservancy	https://landconserve.org/	OK	Southern Oregon Land Conservancy	For People. For Nature. Forever.	 | Enjoy Public Access Natural Areas	1016.0	More, Our People, Where We Work, Our story, Rogue River Preserve, How we work, Open Positions, Volunteer, Gifts of Stock, Resources, Conserve your land, Events, Donate, Social Media Engagement, Hikes and tours, Education, Calendar, Planned Gifts, Our supporters, Connect, Back to Top, Financials, Donate Online, Why our work matters, Donate by Mail, News Blog, Membership and Giving	False	False
Oregon	The Wetlands Conservancy	https://wetlandsconservancy.org/	OK	The Wetland Conservancy		WHY DO WE NEED WETLANDS?	347.0	Back, BLUE CARBON, WETLANDS FAQ, COMMUNITY SCIENCE, STEWARDSHIP DAYS, Skip to Content, TEAM, EMPLOYMENT, Folder: OUR IMPACT, SIGNIFICANT WETLANDS, STORIES ABOUT OUR WORK, ABOUT, ESTUARIES, Donate, WETLANDS 101, ANIMALS, HISTORY, TWC WETLANDS, Folder: GET INVOLVED, PLANTS, OUR IMPACT, OREGON WETLANDS, GET INVOLVED, WHAT'S A WETLAND, UPCOMING EVENTS, CONSTRUCTED WETLANDS, Folder: OREGON WETLANDS, WETLAND MITIGATION, Folder: WHAT'S A WETLAND, TWC PARTNERS, MERCHANDISE, Folder: ABOUT	True	False
Oregon	Wallowa Land Trust	https://wallowalandtrust.org/	OK	Wallowa Land Trust | Wallowa County	Wallowa Land Trust works to protect the rural nature of Wallowa County.	Why conserve your land?	305.0	Ways to Give, Donate Now, Wallowa Land Trust	True	True
Oregon	Western Rivers Conservancy	https://www.westernrivers.org/	OK	Western Rivers Conservancy - Saving the Great Rivers of the West	Western Rivers Conservancy protects river ecosystems throughout the western United States. We acquire land to conserve critical habitat, provide public access for compatible use and enjoyment, and cooperate with other agencies and organizations to secure the health of whole ecosystems. Learn more.	Conserved: Blue Creek!	405.0	Klamath River, Big Hole River, Bear River, Estero de San Antonio, La Jara Basin, Okanogan River, Little Deschutes River, Give, Discover, Projects, About, Donate	True	True
Oregon	Wild Rivers Land Trust	https://www.wildriverslandtrust.org/	OK	Wild Rivers Land Trust protects and preserves wild and working lands on Oregonâ€™s South Coast.	conservation, working lands, wilderness, South Coast, Oregon Coast, environment, coho salmon, native species, ecology, donate land, land preservation, conservation easement, rural communities		1973.0	History, Mission and Vision, Conservation and Strategic Plans, Join Our Team, What We Do, 2018 990, 2017 990, Photo Gallery, 2016 990, EPA Brownfield Project, Conserved Properties, Become A Donor, 2021 990, Staff, Newsletters, 2023 990, Overview, Resources, Donate, Who We Are, 2022 990, Our Service Area, Home, An Overview, Announcements, Services, 2020 990, Join Our Mailing List, What is a Land Trust?, Get Involved, Board Members, Videos, Contact Us, 2019 990, Event Calendar, Articles and Blogs, News & Events, Financial Info	False	True
Pennsylvania	Allegheny Land Trust	https://alleghenylandtrust.org/	OK	Allegheny Land Trust | Helping Local People Save Local Land	ALT is a land conservation nonprofit helping local people save local land in the Pittsburgh region since 1993 to help improve the quality of life for all.	September 18, 2025 | ALT Day of Giving | Our Current Land Conservation Projects | Attend An Event | Conservation Options | Join ALT's Conservationist Society	1191.0	Land Conservation, Hunting, What We Do, Community Conservation, More Ways to Give, Hunting Permit, Instagram, Environmental Education, Volunteer, Donate Now, Membership, Careers & Internships, Staff, Ways to Conserve Your Land, Know Before You Go, Resources, Send Us A Message, Strategic Plan, Events, Events Calendar, Who We Are, Explore, Mission & Vision, Support, Job Opportunities, Why Conserve Land, Connect, Facebook, Vistas Newsletter Archive, Sponsorship, Sign Up for Our Newsletter, Reports & Whitepapers, News, Financial Data, News & Events, Board of Directors, Find a Green Space, Land Stewardship	True	True
Pennsylvania	Brandywine Conservancy & Museum of Art	https://www.brandywine.org/conservancy	OK	Conservancy | Brandywine Conservancy and Museum of Art		Brandywine Conservancy | Conserving our Land & Water | Volunteer | The Brandywine Conservancy	548.0	Brandywine Creek Greenway, Brandywine Conservancy, Brandywine Campus Trails, Our Work, Recent Projects, About, Our Mission & Approach, Volunteer, For Landowners, Preserves & Trails, Stewardship Resources, Hiking through History, Events, Biking the Greenway, Publications, Jobs & Internships, Connect With Us, Conservancy Blog, The Laurels Preserve, Birmingham Hill Preserve, The Waterloo Mills Preserve, About the Greenway, Support, Staff Directory, Brandywine, Museum of Art, Miller Farm, For Municipalities, Environmental Currents, Get Involved, Videos, App, Brandywine Outside, Brandywine Flood Study, Become a Member, Conservancy, Projects, Brandywine Native Garden Hub, Mini-Grant Program, Penguin Court & Thomas Road Farm	True	False
Pennsylvania	Central Pennsylvania Conservancy	https://www.centralpaconservancy.org/	OK	Home - Central Pennsylvania Conservancy			442.0	Legacy Gifts, How We Conserve Land, An accredited land trust., Volunteer, Donate Now, Membership, Meet Our Team, Newsletters & Reports, Bequests, Events, Letort Spring Garden Preserve, Interactive Map, Protection Options and Process, Landowner Support, Home, About Us, Visit, Public Access Projects & Transfers, Get Involved, Juniata County Preserves, Ironmasterâ€™s Challenge â€“ 15K, 20mi & 50K, QCDs and IRA Distributions	True	True
Pennsylvania	Chestnut Hill Conservancy	https://chconservancy.org/	Error 406							
Pennsylvania	ClearWater Conservancy	https://www.clearwaterconservancy.org/	OK	Conservancy | ClearWater Conservancy | United States	The mission of ClearWater Conservancy is to conserve and restore the natural resources of central Pennsylvania through land conservation, water resources stewardship, and environmental outreach in the community.	About Us	524.0	Land Conservation, Native Garden, Golf Fest Photo Gallery, Compass, Watershed Cleanup Day 2025, Join Our Team, Golf-Fest, Board, Campaign to Connect, Mission, Vision, Strategy, Art & Chocolate, Volunteer, Enews Archive, Staff, Musser Gap, Events, Donate, Water Resources Stewardship, Rothrock Trail Alliance, Centred Outdoors, Barrens to Bald Eagle Wildlife Corridor, Annual Meeting 2025, Scotia Barrens to Ridgelines Initiative, DEIJ&B, Stay Informed, Slab Cabin Run Initiative, Get Involved, Contact Us, News	True	False
Pennsylvania	Countryside Conservancy	https://countrysideconservancy.org/	OK	Countryside Conservancy | Working in Lackawanna, Susquehanna and Wyoming counties in northeastern Pennsylvania.		Countryside Conservancy Preserves	323.0	LACKAWANNA STATE PARK TRAILS, EVENTS CALENDAR, EASEMENTS, TRAILS, TROLLEY TRAIL, EVENTS, BOARD OF DIRECTORS, HOME, PROTECTING YOUR LANDS, ABOUT US, PROTECTED LANDS, MEMBER APPLICATION, NEWSLETTER, STAFF, PRESERVES, DONATE, ABOUT, TRAILS ON PRESERVES	True	True
Pennsylvania	Delaware Highlands Conservancy	https://delawarehighlands.org/	OK	Delaware Highlands Conservancy		Programs & Events | What's New	713.0	Landowner Stories, Give a Gift Now, Corporate Sponsorships, Resources & Links for Landowners, Financial Benefits of Conservation Easements, Our Story, Caring for Your Land, What We Do, Scholarships, Directions, Dedicate a Bench at the Van Scott Nature Reserve, Land Acknowledgment, Volunteer Opportunities, River Club, Calendar of Events, Donate Now, On Your Own, Support Our Work Monthly, Staff, Green Lodging Partners, Conservation News, News & Events, Process to Protect Your Land, Landowner Inquiry Form, Resident Breeding Eagles, Frequently Asked Questions: Stewardship, Wintering Eagles, Resources, The Van Scott Nature Reserve, Eagles, Our Programs, Vision for the Conservation Education Center, Eagle Watching, GREEN LODGING, Love Where You Live, Partnerships, Leaving a Legacy, Eagle Nests, Map, Our Partners, SCHOLARSHIPS, Shop Official Merchandise, Confronting Natural Gas, Forest Management Plans, WOMEN & THEIR WOODS, Careers, Van Scott Nature Reserve, Conservation Easements, Conservation Buyer Program, Eagle Resources, Annual Monitoring, Eagles in Our Region, Guided Excursions, Whatâ€™s Special About Your Land?, Trails, Membership & Support, Get Involved, Eagle Etiquette, Contact Us, Getting Started, LandLines Newsletter Archive, Financials, Pike-Monroe Woodland Owners Group, Rules for Visitors, Newsletters & Annual Reports, Frequently Asked Questions, Interpretive Trail Guide, Protecting Your Land, Founderâ€™s Message, Landowner Corner, Women and Their Woods, Media Library, Connect & Learn, Board of Directors, Eagle Habitat	False	True
Pennsylvania	French and Pickering Creeks Conservation Trust	https://frenchandpickering.org/	OK	Home - French & Pickering Creeks Conservation Trust	Working to preserve, steward and connect people to the land in northern Chester County since 1967 Over 13,600 Acres Preserved Donate For over 50 years, French & Pickering has been a leader in preserving northern Chester County's natural resources and cherished landscapes. Your support means we can continue to protect our land and water, together.	Working to preserve, steward and connect people | to the land in northern Chester County since 1967 | Donate | Our Work | Annual Auction | Upcoming Events | Become a Member | The Latest at French & Pickering | Visit our Preserves	831.0	Our People, Donate now, FAQ, Corporate Sponsorships, Contact, Store, Ways To Give, Jerseys, Land Matters, Our Work, About, Our Team, Volunteer, Report: Land Protection & Flooding in a Changing Climate, Membership, Directions, Planned Giving, Individual Sponsorships, Sponsor, Events Calendar, Events, Lecture Recordings, Donate, Thomas P. Bentley Nature Preserve, Home, Annual Auction, Careers, Courses, Stock, IRA, & Donor Advised Fund Gifts, Preserves, Cannon for the Defense of Philadelphia, by Dan Graham, French Creek Iron Tour, News, Library, Apparel, Board of Directors, Templin Woods Preserve	True	True
Pennsylvania	French Creek Valley Conservancy	https://fcvc.org/	OK	fcvc.org - This website is for sale! - fcvc Resources and Information.	This website is for sale! fcvc.org is your first and best source for information about fcvc. Here you will also find topics relating to issues of general interest. We hope you find what you are looking for!		12.0		False	False
Pennsylvania	Heritage Conservancy	https://heritageconservancy.org/	OK	Land Â· History Â· Community - Heritage Conservancy		Land Â· History Â· Community	490.0	Land Conservation, Press Coverage, Wedding Testimonials, Additional Ways to Give, Historic Aldie Mansion, About, Contact & Directions, Nature Notes, Business Partnership, Weddings at Aldie, Weddings at Aldie Mansion, Volunteer, Ways to Give, Membership, Community Education, Our Impact, Resources, Events Calendar, Rentals at Aldie, Publications, About Our Team, Explore, Christmas at Aldie, Join Now, Jeffrey A. Miller Hospitality, Get Involved, Videos, History & Preservation, About Heritage Conservancy, Special Projects, News & Events, Wedding Photos & Video, Bur Oak Society â€“ Planned Giving	True	True
Pennsylvania	Hollow Oak Land Trust	https://hollowoak.org/	OK	Hollow Oak Land Trust - Protecting Green Space			615.0	FAQ, Boggs Run, Trail Services, Contact, Child Page One, Other Ways to Give, Forestbrooke, What We Do, Become a Volunteer Land Steward, Hollow Oak & Landowners, Trout Run, About, Hollow Oak Land Trust, Ways to Give, Corporate Sponsorship, Volunteer, Thorn Run, Directors & Staff, Hunting Policy and Permits, History, Advanced Template Blocks, Fiferâ€™s Fields, Report Trail Conditions, Policies, Events, Vinegar Hollow, Kenmawr, Montour Woods, Support, Child Page Two, Support Hollow Oak Now, Land Protection, Become a Land Steward, Visit, Collaborators, Supporters, Tax Relief for Owners, Press, Child Page Three, Our Conservation Areas, Sahli Nature Park, Child Page Four, Greenways & Economic Development	True	False
Pennsylvania	Lancaster Conservancy	https://www.lancasterconservancy.org/	OK	Lancaster Conservancy - Saving Nature - Lancaster, PA	The Lancaster Conservancy works to provide Lancaster, York, and Berks Counties with wild and forested lands and clean waterways. Forever.	Saving Nature	666.0	Conservancy TV, Shop Our Store, Where We Work, Volunteer Workdays, Water Quality Volunteer Coalition, Event Notice, Volunteer Land Steward, Give a Gift, Donate Today, Regional Trails, What We Do, Report an Issue on a Preserve, Explore Outdoors, Engaging our Community, Organization Service Days, Event on a Preserve Notice, Upcoming Events, Susquehanna Riverlands Mini-Grants, Volunteer, K-12 Conservation Education Volunteers, Lancaster Water Week, Join an Event, Dine on Harvest Moon, K-12 Conservation Education Program, Where to Fish, Protect & Restore Campaign, Climbers Run Nature Center, Caring for Nature, Susquehanna Riverlands, Where to Hunt, Protect Your Land, Habitat Advocate Classes, Events, Find a Preserve, Donate, Success Stories, Saving Natural Lands, Protect Cuffs Run, Stewardship Goals, Legacy Giving, Sponsorship Opportunities, Lancaster Conservancy Trail Fest, Community Wildlife Habitat, Phenology Community Science Project, Get Involved, Hellam Hills Conservation Area Master Plan, Presenter Request Form	True	False
Pennsylvania	Lancaster Farmland Trust	https://lancasterfarmlandtrust.org/	OK	Lancaster Farmland Trust - Save the Lancaster You Love	Lancaster Farmland Trust is a nonprofit committed to increasing permanent protection & stewardship of farmland across Lancaster County.	Lancaster Farmland Trust	243.0	Lancaster Farmland Trust, Join Our Team, Contact, LinkedIn, TikTok, Our Blog, Our Work, About, Become a Partner, Instagram, Volunteer, FAQs, 1. Preservation, 3. Stewardship, Merch Store, Overview, Events, Donate, Who We Are, Support Our Mission, Facebook, YouTube, Get Involved, Conservation, 2. Conservation, Financials, Blog, News, Preservation	True	True
Pennsylvania	Land Conservancy of Adams County	https://www.lcacnet.org/	OK	Sustainable	Our environment is suffering from mankind's progress towards economic development and we all need to live in a sustainable way so we no longer damage the world we live in. What are you doing to...	Sustainable | Sustainable	397.0	Open in app, Environmentalists Need to Stop Talking, Pinterest, News on Climate Change, Posts, Solar systems, Sustainable, Solar panels, Archive, veganhippiechick, Solar power, Solar Power CEE (Instagram), climate-crisis, Solar Power CEE (Blogger), happyheidi, sixpenceee, Facebook, Reddit, environmentalact, Embed, Solar Power CEE (Facebook), Permalink, Environmentalists, Tweet, Mail, eco-minimalism, g7ife	False	False
Pennsylvania	Land Trust of Bucks County	https://landtrustbuckscounty.org/	OK	Land Trust Bucks Co.		Land Trust Bucks Co. | What We Do	876.0		True	True
Pennsylvania	Natural Lands	https://natlands.org/	OK	Natural Lands | Land for Life. Nature for All.	Natural Lands. Land for Life, Nature for All. Saving open space, caring for nature, and connecting people to the outdoors and each other. Land conservation in Pennsylvania and New Jersey.	land for life. nature for all.	1130.0		True	True
Pennsylvania	North Branch Land Trust	https://northbranchlandtrust.org/	"Error: HTTPSConnectionPool(host='northbranchlandtrust.org', port=443): Max retries exceeded with url: / (Caused by NameResolutionError(""<urllib3.connection.HTTPSConnection object at 0x109a19f90>: Failed to resolve 'northbranchlandtrust.org' ([Errno 8] nodename nor servname provided, or not known)""))"							
Pennsylvania	The Land Conservancy for Southern Chester County	https://tlcforscc.org/	Error 526							
Pennsylvania	Tinicum Conservancy	https://tinicumconservancy.org/	OK	The Tinicum Conservancy		The Tinicum Conservancy	428.0	Join/Support Now!, Take Action, Land Protection FAQ, Skip to Content, Resources, News & Events, About Us	True	False
Pennsylvania	Western Pennsylvania Conservancy	https://waterlandlife.org/	OK	Protecting and restoring natural areas - Western Pennsylvania Conservancy Homepage - Western Pennsylvania Conservancy	The WESTERN PENNSYLVANIA CONSERVANCY protects and restores exceptional places to provide our region with CLEAN WATERS and healthy forests, wildlife and NATURAL AREAS for the benefit of present and future generations.	water. land. life. | water. land. life.	1723.0	Get On The Water, School Grounds Greening, Farmland Access Initiative, Riparian Plantings, Volunteer, Water Quality Monitoring, Riparian Restoration Tree Planting Initiative, WPC is an Accredited Land Trust, Buy Tickets, Water, Our Members Matter, Donate, Dirt & Gravel Road Design and Implementation, Wildlife, Home, Community Greening, Tips for Seasonal Tree Care, Search, Community Forestry, Challenges in a Changing Landscape, Renew Your Membership, Land Stewardship, More Ways to Give, Donate Now, Volunteer to Plant a Community Garden, Volunteer to Plant Trees, Riparian Tree Plantings, Find Community Flower Gardens, Explore, About Fallingwater, Abandoned Mine Drainage Services, Land, Colcom Foundation Revolving Fund for Local Land Trusts, Conservation Easements, Resources and Plans, Ligonier Valley Program, Learn, Conservation Science, Agricultural Best Management Practices, Make a Monthly Donation, TreeVitalize Pittsburgh, Explore Our Preserves, Conserving Priority Landscapes, Entrusted to WPC in 1963, Kaufmann Conservation on Bear Run, Conservation and Restoration Methods, Fallingwater, Make a One-time Donation, Aquatic Connectivity and Species Passage, Options for Protecting Your Land, Riparian Trees and Backyard Buffers, FAQs About Giving, Trees, Biological Surveys, Science and Research, Species at Risk in Pennsylvania, Watershed Mini Grant Program, Benefits of Trees, Pittsburgh Redbud Project, Conservation Buyers Program, Invasive and Unwelcome Species, Community Flower Gardens, Canoe Access Development Fund, Ecological Assessments, DONATE, Land Conservation, GIS Services and Bathymetry Mapping, Indicator Species, Visit Fallingwater, Nutrient Management Planning, Community Vegetable Gardens, Streambank Fencing and Crossings, Aquatic Science, Downtown Pittsburgh Greening, Natural Stormwater Solutions, Watershed Conservation, Gardens, Sponsor a Community Garden, Special Places	True	True
Pennsylvania	Westmoreland Conservancy	https://westmoreland-landtrust.org/	OK	Westmoreland Land Trust	A New Chapter for WLT - Leadership News After eight years as the Executive Director of the Westmoreland Land Trust, Betsy Aiken has decided to step down at the end of this year so that she can spend more time with friends and family. During her tenure, Betsy oversaw numerous land conservation projects, including the		1067.0		True	False
Pennsylvania	Wildlands Conservancy	https://www.wildlandspa.org/	OK	Wildlands Conservancy	Since 1973, it has been the mission of Wildlands Conservancy to protect and restore critical natural areas in the Lehigh River watershed.	Itâ€™s An ADVENTURE Out Here | Itâ€™s WILD Out Here | Itâ€™s FOREVER Out Here | Itâ€™s FUN Out Here	483.0	Contact, Nature Preserves, Animal Ambassadors, Our Team, Volunteer, Get Out for Wellness, Individual Giving, Planned Giving, Board of Directors, Corporate Giving, Water, Events, Donate, Scouting Programs, Mission & History, Land, Lehigh River Water Trail, Stream Team 2025, Hiking Trails, News, Search, School Programs	True	False
Pennsylvania	Willistown Conservation Trust	https://wctrust.org/	OK	WILLISTOWN CONSERVATION TRUST	Willistown Conservation Trust preserves and manages the open land, rural character, scenic, recreational, historic, agricultural and natural resources of the Willistown area and nearby communities, and shares these unique resources with people of all ages and backgrounds to inspire, educate and develop a lifelong commitment to the land and the natural world.	WILLISTOWN CONSERVATION TRUST	433.0	IN THE NEWS, LinkedIn, EVENTS, ECOCENTRIC EXPERIENCE, BLOG, KESTREL HILL PRESERVE, WHERE WE WORK, EDUCATION, RUN-A-MUCK, About, KIRKWOOD PRESERVE, JOBS & INTERNSHIPS, Instagram, RUSHTON CONSERVATION CENTER, FAQs, WAYS TO GIVE, INCLUSION, ACCESS, AND BELONGING, RUSHTON NATURE KEEPERS (RNK), OUR NEWEST PRESERVE- KESTREL HILL, JOIN OUR MAILING LIST, WILDFLOWER WEEK, VOLUNTEER, WATERSHED PROTECTION, COMMUNITY FARM, STRATEGIC PLAN, NATURE PRESERVES, GROUPS, BIRD CONSERVATION, CONTACT, LATEST, Support, ACCESS Program, OUR NEWEST PRESERVE, STEWARDSHIP, OUR STAFF AND TRUSTEES, Facebook, WILLISTOWN CONSERVATION TRUST, HOW WE WORK, YouTube, HARTMAN MEADOW, SPONSOR THE TRUST, RUSHTON WOODS PRESERVE, BARNS & BBQ, JOIN THE SYCAMORE SOCIETY, PHOTOS, LAND PROTECTION, PUBLICATIONS, LEGACY SOCIETY & PLANNED GIVING, EVENT CALENDAR, ASHBRIDGE PRESERVE, DONATE, CORPORATE PARTNERSHIP PROGRAM	True	True
Rhode Island	Aquidneck Land Trust	https://ailt.org/	OK	Aquidneck Island Land Trust - Aquidneck Island Land Trust	The Aquidneck Island Land Trust protects, restores and adapts lands that are vital to Aquidneck Island's health, history and scenic character		545.0	Biodiversity Study, Annual Meeting, Conserve your Land, Our Story, Our Conservation Strategies, Watersheds, Parks & Habitat, Outreach & Education, Our Work, Volunteer Opportunities, Ways to Give, Donate Now, Annual Events, Vehicle Donation, Staff, Interactive Trail Map, Native Plant Resources, Trail Maps, Strategic Plan, Gift a Membership, Partnerships, Home, Farmlands, Leave a Legacy, Island Insights, Renew Membership, Gift of Property, Land & Water Projects, Trustees, Aquidneck Resilience, Farm Conservation, Menu Menu, Get Involved, Blog, Become a Member, Leadership Council, Join the Land Trust	True	True
Rhode Island	Block Island Conservancy	https://biconservancy.org/	OK	Home - Block Island Conservancy		Block Island Conservancy | Block Island Conservancy | Block Island Conservancy | Block Island Conservancy | Block Island Conservancy	653.0	Mitchell Farm, Win Dodge Preserve, BIC Staff, Ball Loop, Beach Avenue Trail, Block Island Nature Blog, Trails and Land Use, Solviken Lot, Martin Trail, Meadow Hill Trail, Newsletters, Board of Directors, Mazzur Trail, Eric Jess Spirer Fund, Summer Nature Education Programs, Ray Durfee Lot, BIC Strategic Plan, Donate, Membership Criteria, LTA Accreditation, Stewardship, Education, Home, Our History, Attwood Trail, By-Laws, BIC Articles of Incorporation, About BIC, Conservation Easements, Harrison Trail, Summer 2024 Programs, Adopt-A-Trail, Compost with BIC, Murphy Trail, Store	False	True
Rhode Island	Block Island Land Trust	https://blockislandlandtrust.org/	"Error: HTTPSConnectionPool(host='blockislandlandtrust.org', port=443): Max retries exceeded with url: / (Caused by NameResolutionError(""<urllib3.connection.HTTPSConnection object at 0x109a19f90>: Failed to resolve 'blockislandlandtrust.org' ([Errno 8] nodename nor servname provided, or not known)""))"							
Rhode Island	Conanicut Island Land Trust	https://conanicutlandtrust.org/	OK	Welcome - Conanicut Island Land Trust			232.0	DONATE, CONSERVE YOUR LAND, HOME, ABOUT US, OUR BEES, CONTACT US, PROPERTIES, NEWS	True	False
Rhode Island	Middletown Valley Land Trust	https://middletownvalleylandtrust.org/	"Error: HTTPSConnectionPool(host='middletownvalleylandtrust.org', port=443): Max retries exceeded with url: / (Caused by NameResolutionError(""<urllib3.connection.HTTPSConnection object at 0x109c43610>: Failed to resolve 'middletownvalleylandtrust.org' ([Errno 8] nodename nor servname provided, or not known)""))"							
Rhode Island	Nature Conservancy of Rhode Island	https://www.nature.org/en-us/about-us/where-we-work/united-states/rhode-island/	OK	The Nature Conservancy in Rhode Island	Learn about how The Nature Conservancy is approaching conservation challenges and opportunities throughout Rhode Island.	Rhode Island	847.0	EspaÃ±ol, Our People, How We Work, Where We Work, Caribbean, Europe, Other Ways to Give, Asia Pacific, What We Do, Our Science, India, Volunteer, Our Priorities, Attend Events, Membership & Giving, Africa, Skip to content, Give Monthly, Calculate Your Carbon Footprint, Our Insights, Renew, Donate, Who We Are, Protect Ocean, Land & Fresh Water, Data & Tools, Provide Food and Water, Reports, English, Tackle Climate Change, Explore the Places We Protect, Show search, Our History, Gift & Estate Planning, About Us, Latin America, Go Back, Perspectives, Get Involved, Take Action, How To Help, Educational Resources, Canada, United States, Become a Member, Our Accountability	True	True
Rhode Island	Sakonnet Preservation Association	https://sakonnetpreservation.org/	OK	Little Compton's First Land Trust - Sakonnet Preservation Association		Little Comptonâ€™s First Land Trust	730.0		True	True
Rhode Island	South Kingstown Land Trust	https://sklt.org/	OK	South Kingstown Land Trust â€“ Open Space Make all the Difference		SKLT NEWS | SKLT EVENTS	671.0	Wildlife Habitat Improvements, Trail Observations Form, Climate Change Resiliency, Conserving Your Land, Research & Surveys, Overview and History, Volunteer Opportunities, Mission, Partners, Upcoming Events, Site Lines Newsletter, Shop, Productive Farmland, Events Archive, The Great Outdoors Celebration and Auction, Events, Employment Opportunities, Woodcock Campus at Weeden Farm, Who We Are, Stuff from SKLT, Trails & Maps, Land Acquisition Priorities, Donate, Directors and Staff, Property Monitoring, Samuel E. Perry Grist Mill, Home, Historic and Cultural Resource Protection, Membership Program, Regional Protection Priorities, EverGreen Legacy Society, Subscribe, Support SKLT, Stewardship Projects, Protected Properties, Donations, News, Land We Protect, Healthy Forests, Capital Campaign	False	True
Rhode Island	Tiverton Land Trust	https://tivertonlandtrust.org/	OK	The Tiverton Land Trust Needs You	We need your help to conserve more land. Since 1996 The Tiverton Land Trust has preserved over 690 acres of rural Tiverton. Join us today!		404.0	Back, Folder: Get involved, Folder: Support Us, What We Do, Skip to Content, Ways to Give, Volunteer, Become a member, Folder: What We Do, What is a land trust?, Protected Lands, Events, Our Advisors, Mission & History, Folder: About Us, Read Our Blog, Donate Your Land, Support Us, Conserve Hicks Farm, Careers, Benefits of Land Protection, About Us, ðŸ’š GIVE TODAY, Contact Us, Accreditation, Frequently Asked Questions, Get involved, Board of Directors	True	False
South Carolina	Beaufort County Open Land Trust	https://openlandtrust.org/	OK	The Open Land Trust - Open Land Trust	The Open Land Trust protects 32,278 acres in seven counties in South Carolina with 100 conservation easements and 50 fee properties. The Open Land Trust is South Carolinaâ€™s first and oldest land trust working to protect open spaces, natural habitats and rural communities throughout the Southern Lowcountry.	Conserving the Lowcountry | News & Updates	526.0	Host an Event, Brunch On the Bluff 2025, Sign up for our eNews, Contact, Include Us in Your Will, Donor-Advised Funds, Shop Our Merchandise, ABOUT US, Our Work, Honor or Memorial Gift, Calendar of Events, GIVE MONTHLY, WAYS TO GIVE, DONATE, Overview & Mission, Places to Explore, Staff, History, Give Monthly, Event Photos, Gifts of Stock, Newsletters & Reports, Donate, NEWS & EVENTS, Why Support OLT?, Q and A, News & Updates, Rural & Critical, Protected Places Map, About Us, Featured Properties, Gifts from your IRA, Recent Acquisitions, OUR WORK, Educational Resources, CONTACT US, News & Events, Board of Directors, Why We Matter	False	True
South Carolina	Charleston County Land Trust	https://charlestonlandtrust.org/	Error: HTTPSConnectionPool(host='charlestonlandtrust.org', port=443): Max retries exceeded with url: / (Caused by SSLError(SSLCertVerificationError(1, '[SSL: CERTIFICATE_VERIFY_FAILED] certificate verify failed: self-signed certificate (_ssl.c:1028)')))							
South Carolina	Congaree Land Trust	https://congareelt.org/	OK	Congaree Land Trust | Home	The Congaree Land Trust is commited to conserving the natural and scenic lands of central South Carolina.	Leaving a Legacy	620.0	Join our Team, Newsletter Signup, Donate Now, Contact, COWASEE Basin, Other Ways to Give, Support, Gallery, CLT Store, News, Planned Giving, Shop Now, Land Protection, About, Events	True	True
South Carolina	Lowcountry Land Trust	https://lowcountrylandtrust.org/	OK	Conservation Organization in Charleston, SC	Lowcountry Land Trust is a conservation organization protecting land in South Carolina through easements, education & community programs.		547.0	Protecting Land and Water Forever, Click Here to Donate, Sustaining the Soul of the Lowcountry, Angel Oak Preserve, Volunteer Opportunities, Shop, Sporting Clays Shoot, 2023-2025 Strategic Plan, Annual Sporting Clays Shoot, Sponsor, Accreditation & Financials, Events, Donate, Latest Impact Report, Email Newsletter Signup, Publicly-Accessible Places, All Events (Calendar), Conservation Easements, Staff & Board, The Ebb & Flow Blog, Land Stewardship	True	True
South Carolina	Upstate Forever	https://www.upstateforever.org/	OK	Upstate Forever - Land Conservation & Balanced Growth	Upstate Forever is a Greenville-based conservation nonprofit that protects land and water and promotes balanced growth in Upstate South Carolina.	Keep the Upstate beautiful | Learn About Land Conservation | Safe and Plentiful Water | Advocate for Smart Growth | Inclusive Conservation	456.0		False	True
South Dakota	Northern Prairies Land Trust	https://gfp.sd.gov/northern-prairies-land-trust/	OK	South Dakota - Game, Fish, and Parks | South Dakota Game, Fish, and Parks		What's Trending | WHO WE ARE | Things To Do | Upcoming Events | Upcoming Key dates	388.0	Landowners, Project Bids and Contracts, Forms & Permits, Maps, Report a Violation, Fish, Things To Do, Landowner and Habitat Programs, Events, Commission, Agency, Hunt, Education, Camp, State Parks, Work For Us, Licenses, Multi-Media, Conservation, Parks and Wildlife Foundation, Contact Us, Volunteer With Us, Donate to Habitat, News, Frequently Asked Questions, Request Public Records, Regulations	True	True
Tennessee	French Broad River Partnership	https://fbriver.org/	"Error: HTTPSConnectionPool(host='fbriver.org', port=443): Max retries exceeded with url: / (Caused by NameResolutionError(""<urllib3.connection.HTTPSConnection object at 0x109c439d0>: Failed to resolve 'fbriver.org' ([Errno 8] nodename nor servname provided, or not known)""))"							
Tennessee	Land Trust for Tennessee	https://www.landtrusttn.org/	OK	Homepage - The Land Trust For Tennessee | The Land Trust For Tennessee	Learn why and how the Land Trust protects the land it loves, and how we can work together to conserve Tennessee.	Conserving the Tennessee You Love	549.0	Our Staff, Conservation Plan, Conservation Stories, The Future of Glen Leven Farm, Awards, Volunteer, For Landowners, History, Our Impact, Donate today, Protect Your Land, The Land Trust For Tennessee, Glen Leven Farm, How Can We Help You?, Events, Who We Are, Stewardship, Support, Legacy Giving, Why Land Matters, Careers, Programs, 25th Anniversary, Get Involved, Once in a Blue Moon, Contact Us, Rentals & Photography at Glen Leven Farm, Blog, News, How We Protect The Land, News & Events, Board of Directors, Sign up for Enews	True	False
Tennessee	Tennessee Parks and Greenways Foundation	https://tenngreen.org/	OK	TennGreen Land Conservancy	Conserve Tennessee land where people and nature can thrive. Learn more about TennGreen Land Conservancy and discover how to get involved today!	Conserving Land Where People and Nature Can Thrive	1097.0	Legacy Gifts, FAQ, Acquisitions, Contact, Other Ways to Give, Our Staff, Our Work, Shop, Upcoming Events, Membership, Easements, Protect Your Land, Strategic Plan, Events, Get Email Updates, Donate, Our Board, 2025 Hall of Fame, Restoration, Hike-a-Thon, How to Help, Request a Speaking Engagement, Corporate Support, Our History, Privacy Policy, Sponsorship Opportunities, Careers, Give Support, About Us, Blog & News, Contact Us, Frequently Asked Questions, News, Become a Member	True	True
Texas	Bayou Land Conservancy	https://bayoulandconservancy.org/	OK	Bayou Land Conservancy | Houston | Nonprofit	Bayou Land Conservancy preserves land along streams for flood control, clean water, and wildlife. We work with willing landowners to conserve 14,000 acres of Houston habitat.		308.0	Back, Where We Work, Join a Committee, Volunteer Leadership, Legacy Circle, Annual Gala, Landowner resources, Awards & Honors, Donate Stock, Mission, Ways to Give, Legacy Plank Program, Spring Creek Nature Trail, Land Lover Club, Lands Open to the Public, Supporter Stories, Board Portal, Headwaters to Baywaters, Staff, History, Corporate Partners, Redbud Nature Preserve, Arrowwood Preserve, Bird Walks, Brews & Bayous, Strategic Conservation Plan, Donate Today!, Spring Creek Greenway, Press & News, Job Postings, Stewardship Society, Ambassador Program, Ashton Gardens, Event Calendar, Blog, Donor Advised Funds, Crypto, Volunteer & Events	True	False
Texas	Cactus Pine Land Trust	https://cactuspine.org/	Error 404							
Texas	Hill Country Conservancy	https://hillcountryconservancy.org/	OK	Hill Country Conservancy | Here Forever.		What we do | Learn More | Upcoming Events | Recent News & Stories	714.0	Dahlstrom Ranch, Contact, Inspiring Oaks, Violet Crown Trail, Nature Preserves, Next Events, Navigation, Cherry Springs Ranch, Scott Shannon Ranch, Sign up for the Newsletter, Brockenbrough Ranch, Lazy Bend Ranch, Nalle Bunny Run Wildlife Preserve, EPIC Young Professionals, Pecan Springs Karst Preserve, Volunteer, Donate Now, Puryear Ranch, Press Releases, Land Projects, Ruby Ranch, Pre-Application for Eligibility, Resources, Ragsdale Ranch, Landowner FAQ, Ragland Ranch, Spicewood Ranch, Events, Autumn Woods, Previous Events, Make a Donation, In the News, Bleakley Ranch, Support, Our Partners, Today, Careers, Conservation Easements, HCHCI Information, About Us, Board and Staff, Sign up for HCHCI Alerts, Kordzik-Sheppard Ranch, HCC Conservation Projects, Get Involved, Blog, Search, Four Winns Ranch, Become a Member, Hill Country Headwaters Conservation Initiative	True	True
Texas	Texas Land Conservancy	https://www.texaslandconservancy.org/	OK	Texas Land Conservancy			665.0	Back, Folder: Get Involved, Our Story, Community Partners, Skip to Content, TLC Stories, Staff and Board, Our Work, TLC Shop, Ways to Give, Volunteer, Visit a Preserve, Protect Your Land, Events, Donate, Folder: About Us, 0, About Us, Get Involved, Contact Us, E-mail Signup	True	False
Texas	Texas Agricultural Land Trust	https://www.txaglandtrust.org/	OK	Texas Agricultural Land Trust | Conserve Texas Working Lands	Partner with TALT to safeguard Texas' agricultural heritage through expert conservation easements and strategic land protection solutions.	LETâ€™S KEEP TEXAS, TEXAS FOR FUTURE GENERATIONS | TALTâ€™s impactâ€¦ by the numbers.	736.0	Our Team, Back, CONTACT THE LAND TEAM, Folder: About Us, Our Story, Skip to Content, Our Partners, Support TALT, Protect Your Land, Board of Directors, About Us, Our Work, Annual Reports	False	True
Texas	Texas Land Trust Council	https://texaslandtrustcouncil.org/	OK	Texas Land Trust Council â€“ The Texas Land Trust Council supports and strengthens the land trust community to serve as a powerful force for land and water conservation in Texas.			817.0	Land Trusts, What We Do, Board and Staff Leadership, About, Partners, Conservation Lands Inventory, Texas Land Conservation Conference, Join Our E-News List, TLTC Annual Report, Conserve Texas Land, More Info, Donate, Publications, List Your Business, Conservation Easements Guidebook, Contact TLTC, Home, Land Trust Jobs, What is a Land Trust?, TLTC YouTube Gallery, What is a Conservation Easement?, Latest TLTC Newsletter, Get Involved, Advocacy for Conservation, Search, Become a Member	True	True
Utah	Moab Land Trust	https://moablandtrust.org/	"Error: HTTPSConnectionPool(host='moablandtrust.org', port=443): Max retries exceeded with url: / (Caused by NameResolutionError(""<urllib3.connection.HTTPSConnection object at 0x109c43390>: Failed to resolve 'moablandtrust.org' ([Errno 8] nodename nor servname provided, or not known)""))"							
Utah	Summit Land Conservancy	https://wesaveland.org/	OK	SUMMIT LAND CONSERVANCY		Because life is better with | open space. | SAVE LAND FOR THE FUTURE. | 24,305 | $46 Million | 18 | land can be developed once. | Or saved forever.	1177.0	Happenings, FOR THE FUTURE, Contact, Contact Us, Team, What We Do, Closing, Video, Resources, Overview, About Intro, Donate	True	False
Utah	Wild Utah Project	https://wildutahproject.org/	OK	Sageland Collaborative	Sageland Collaborative provides science-based strategies for wildlife and land conservation across the Intermountain West. Learn more about our work and volunteer opportunities here.	Science in Service of Wildlife and Wildlands | Engaging the Community in Conservation Science | Leading Wildlife Conservation in the West | Answering Questions for Wildlife Conservation	624.0	Contact, About, Shop, Our Team, Volunteer, Ways to Give, Land Acknowledgement, Board Portal, Utah HerpSearch, Cart 0, History, Riverscape Restoration, Utah Pollinator Pursuit, Migratory Shorebird Survey, Newsletters, Events, Donate, New Page, Publications, Conservation Leaders, In the News, Project Overview, Learn More, Wildlife Watch, Sageland Collaborative, Career Opportunities, About Us, Subscribe, Get Involved, Communications, Engaging Community, Accountability, Western Toad Project, Fence Restoration Program, Blog, Mission and Goals, Projects, Utah Stream Restoration Dates in 2022	True	True
Vermont	Catamount Trail Association	https://catamounttrail.org/	Error 406							
Vermont	Land Trust of Vermont	https://vlt.org/	OK	Vermont Land Trust - Protecting the Vermont You Love	Vermont Land Trust unites land and lives for the benefit of people and the place we share. We protect farms, forests, and community places.	Uniting Land and Lives	1112.0	Please contact us., Bunker Farm Bunker Farm A destination for local syrup, meat, and plants., Woodland Owners & Forests, Field Notes, Community Campaigns, Ways to Give, How We Help Overview, Events, Catamount Community Forest Catamount Community Forest Easily accessible education and recreation in the greater Burlington area., Explore, Support Us Overview, Communities & Individuals, Newsroom, Donate Today!, Support Us, Explore Overview, About Us, Featured Properties, Farmers & Farmland, Contact Us, Skip to main content, Land Map, How We Help	True	True
Vermont	Mount Holly Conservation Trust	https://mhct.org/	OK	Home - Mental Health Council of Tasmania		Home	617.0	Mental Health Week Resources, Training Room Hire, Mental Health Week Event Program, Our Team, Become a member, About Mental Health Week, Safely Talking, Our Members, LEx Training Hub, Mental Health Week Small Grants, Whatâ€™s on, About us, What we do, Resources, Strengthen and Support, Our Board, Advance Mental Wellbeing, Mental Health Week, Fill 1 Created with Sketch. Menu, Advocate, Get some help, Asset 1, Resource library, Register your event, Careers, Contact Us, Group 7 Created with Sketch. Close, LEx Hub Courses, LEx Organisational Readiness Program, About the LEx Hub	False	True
Vermont	New England Forestry Foundation Vermont	https://newenglandforestry.org/	OK	New England Forestry Foundation - Forest Conservation Experts New England Forestry Foundation	New Englandâ€™s forests are at the heart of the regionâ€™s way of life. We offer forest protection, tree conservation, and saving the forest efforts.	New England Forestry Foundation	676.0	Land Conservation, Forester and Landowner FAQs, Finance and Annual Reports, Participants, Our Process, Conservation Successes, Conservation Resources, Central and Transition Hardwoods, Corporate Opportunities, E-News, About the Challenge, About, Our Team, Build It With Wood, Braintree Mountain Forest, Easement FAQs, Acadian Forest, Sustainable Forestryâ€™s Next Step, Trail Maps, Resources, Forestry and Climate Change, How to Conserve Your Land, Events, Donate, Pooled Timber Income Fund, Publications, Climate Initiatives, Mountains of the Dawn, Downeast Lakes Forestry Partnership, Advancing Markets for Producers, Newsroom, Gift Subscriptions, Forest Carbon for Commercial Landowners, Explore Our Forests, Completed Initiatives, Support, Leave a Legacy, Forest Management, Exemplary Forestry, Our History, ROC Skiing, Our Mission, Conserving Maineâ€™s Oldest Forests, Forest-to-Cities Climate Challenge, Careers, Connect, 30 Percent Solution, Monthly Giving, Easement Stewardship, Phelon Memorial Forest, Pledge, Outreach, Exemplary Forestry Investment Fund, Contact Us, Get Involved, Visitor Guidelines and Recreation, Blog, Western Maine Habitat Restoration Program, Hunting Regulations, Unfragmented Forestland, Forest Stories, Pingree Forest Partnership, Chamberlain Reynolds Memorial Forest, Bioeconomy Initiative	True	False
Vermont	Stowe Land Trust	https://www.stowelandtrust.org/	OK	Conserving Rural and Natural Landscapes in and around Stowe, Vermont - Stowe Land Trust		Conserving the land and waters we love to enhance quality of life for all connected to the Stowe area.	266.0	Recreate Responsibly, Mission, Vision & Values, Our Work, About, Explore Map, Business Supporters, The Songbirds of Shutesville, Ways to Give, Volunteer, From Celebration to Stewardship: Our Commitment to Conserved Land, Staff, Education & Outreach, For Visitors, Events & Outings, Trail Maps, Farms & Forests, Activities, Strategic Plan, Opinion: We Need to Do Better by Stoweâ€™s Bears, Donate, Recreation for All, Community Connections, Healthy Habitats & Waters, Stewardship, Get Outside, Current Projects, Partnerships, Support, Opportunities, Land Protection, For Bill Davis, Conservation is Good Business, Supporting Housing, Contact Us, News & Stories, Newsletter, Financials, Canadian Friends, News & Events, Board of Directors	True	True
Vermont	Woodstock Land Trust	https://woodstocklandtrust.org/	"Error: HTTPSConnectionPool(host='woodstocklandtrust.org', port=443): Max retries exceeded with url: / (Caused by NameResolutionError(""<urllib3.connection.HTTPSConnection object at 0x109c42c10>: Failed to resolve 'woodstocklandtrust.org' ([Errno 8] nodename nor servname provided, or not known)""))"							
Virginia	Blue Ridge Land Conservancy	https://brlcva.org/	OK	BLUE RIDGE LAND CONSERVANCY - Home	The Blue Ridge Land Conservancy is a non-profit located in Roanoke, Virginia whose mission is to conserve the region&amp;#39;s natural resources and environment.		526.0		True	True
Virginia	Eastern Shore Land Trust	https://eslandtrust.org/	"Error: HTTPSConnectionPool(host='eslandtrust.org', port=443): Max retries exceeded with url: / (Caused by NameResolutionError(""<urllib3.connection.HTTPSConnection object at 0x109c42850>: Failed to resolve 'eslandtrust.org' ([Errno 8] nodename nor servname provided, or not known)""))"							
Virginia	Land Trust of Virginia	https://landtrustva.org/	OK	The Land Trust of Virginia	The Land Trust of Virginia works with landowners to help them permanently protect their properties through the donation of conservation easements including working farms, historic sites, forests, mountains, waterways and more!	PROTECTING | Power lines and Data Centers	625.0	DONATE, Get Involved, Board & Staff, Contact Us, Financials, Home, News, Privacy Policy, Protect Your Land, Our Work, About Us, Events, Shop	True	True
Virginia	Piedmont Environmental Council	https://www.pecva.org/	OK	The Piedmont Environmental Council â€“ Protecting and restoring the lands and waters of the Virginia Piedmont, while building stronger, more sustainable communities.		Protecting and restoring the lands and waters of the Virginia Piedmont, while building stronger, more sustainable communities. | Recent Posts | Popular Posts | Get Involved	726.0	Land Conservation, Clean Water, Wilderness Crossing, Greening Your HOA, Albemarle Climate Action, The Piedmont News, Conservation and Restoration, Clarke County, Energy Matters, Culpeper County, Regional, State and National, Greene County, Staff & Board Listing, Piedmont Memorial Overlook, Our Work, Transportation Solutions, Virginia Grassland Bird Initiative, Volunteer, Creating Historic Districts, Rappahannock County, Buy Fresh Buy Local, The Latest, Loudoun Outdoors Guide, Properties at Gilberts Corner, Loudoun County, Video, Energy Efficiency & Conservation, Tree Planting Programs, Resources, Strategic Plan, The Piedmont View, General Assembly, Events, Publications, AC44 Comprehensive Plan, Stream Health Monitoring, Jobs & Internships, Buy Fresh Buy Local Guides, Press Center, Mission & Vision, Orange County, Wildlife Habitat, Fauquier County, PECâ€™s Local Approach, Map Library, Conservation Easements, Randal Fellowship Program, About Us, Our Region, Fish Passage Projects, Growth, Development & Traffic, Working Farms & Local Food, Walk & Bike, Historic & Scenic Landscapes, Celebrating Mountain Heritage, Action Center, Strong Communities, Annual Reports, Madison County, Data Centers, Our Places, Improving Pastures, Warrenton Data Center, Solarize Piedmont, Albemarle & Charlottesville, Albemarle/Cville Greenways	True	False
Virginia	Valley Conservation Council	https://valleyconservation.org/	OK	Shenandoah Valley Conservancy	Protecting the legendary Shenandoah Valley for nearly 35 years, the Conservancy protects more than 220,000 acres in the Shenandoah Valley.	Protecting the legendary Shenandoah Valley for 35 years	607.0	Newsroom, Contact Us, Team, Home, Conservation Strategy, Conservation Easements, About, Events, Donate	True	False
Virginia	Virginia Eastern Shore Land Trust	https://eslandtrust.org/	"Error: HTTPSConnectionPool(host='eslandtrust.org', port=443): Max retries exceeded with url: / (Caused by NameResolutionError(""<urllib3.connection.HTTPSConnection object at 0x109c425d0>: Failed to resolve 'eslandtrust.org' ([Errno 8] nodename nor servname provided, or not known)""))"							
Washington	Cascade Land Conservancy (Forterra)	https://forterra.org/	OK	Forterra - Land for Good	Forterra envisions people and nature thriving together in a place where everyone belongs.	News & Perspectives | Your Support And Impact | 275K | 115K | 100+ | Explore Our Work | GIVE BIG WITH A 2X MATCH!â€‹ | GIVE BIG WITH A 2X MATCH!â€‹	841.0	Forterra Timeline, Our People, Strategic Initiatives, Where We Work, Contact, Media Galleries, Board, What We Do, Corporate Partnerships, Rooted Podcast, Who We Are â€¢, Stay Connected, Partners, Ways to Give, Volunteer, Press Releases, Staff, Our Commitment â€¢, Events, Donate, Who We Are, Email, Where We Work â€¢, Careers, Programs, Visit, GET INVOLVED, 2022 Annual Report, Perspectives, Newsletter, Financials, 2023 Annual Report, Our Commitment, Search, Volunteer â€¢, Media Coverage, Projects, DONATE	True	True
Washington	Columbia Land Trust	https://www.columbialandtrust.org/	OK	Conserving The Nature You Love - Columbia Land Trust			384.0	Klickitat River Haul Road CLOSED â€“ August 2025, Coastal Birdwatching â€“ September 27th and October 10th, 2025, Ways To Give, 360.696.0131, Our Work, Our Conservation Agenda, White Salmon, Webinar: Understanding Fire in the Forest, North Nemah Public Notice, Events, Donate, Columbia Land Trust on Instagram, Columbia Land Trust, Astoria, Vancouver, About Us, Subscribe, Get Involved, Contact Us, View All, News, Columbia Land Trust on Facebook, connect@columbialandtrust.org, Columbia Land Trust on YouTube, Purple Martin Bird Monitoring	True	True
Washington	Jefferson Land Trust	https://saveland.org/	OK	Home - Jefferson Land Trust Jefferson Land Trust	Jefferson Land Trust is a private, non-profit, grassroots organization in Jefferson County, located on the stunning Olympic Peninsula of Washington State. Preserving open space, working lands and habitat forever.	Keeping family farms in the family. | Preserving our common ground. | Connecting you with your wild side. | Helping wild places stay wild. | Protecting water, forests and the land beneath our feet.	1215.0	Copyright & Disclaimers, Illahee Preserve, Salmon Viewing Season is Here!, Save Land, View Upcoming Events, Join Our Team, Our Story, Our Conservation Vision, Chimacum Ridge Community Forest Grand Opening Celebration â€“ SOLD OUT, View Property Map, Work Party: Creating â€œNurse Logsâ€ in the Quimper Wildlife Corridor, Quimper Wildlife Corridor Challenge, Dabob Bay and Tarboo Valley, Give & Join, Tour Chimacum Ridge Community Forest with Tim Lawson, Hiking with a Local Videos, Duckabush Oxbow & Wetlands Preserve, Volunteer, Donate Now, Chimacum Dairy and Finnriver Farm & Cidery, DONATE, Join Us for Farm Tour: September 13-14, Discovering the Forest, Planned Giving, Nature in Your Neighborhood On Demand, Northwest Naturalist Program, Tamanowas Rock, Chimacum Creek Watershed, See Events, Building Climate Resilience on the Olympic Peninsula, Conservation Burial Initiative, Valley View Forest, Fairbank Award for Youth Environmental Action, Board & Staff, Quimper Wildlife Corridor, Century Stewards Program, Our History, Our Mission, Snow and Salmon Creeks, Work Party: Fence-line Maintenance at Lower Donovan Creek Preserve, Save Your Land, Privacy Policy, Read the Latest Land Trust News, Chai-yahk-wh Preserve, How a Land Trust Works, Save the Land, Our Business Partners, Farms, Fish, and Forests Forever, Youâ€™re Invited to the Chimacum Ridge Community Forest Grand Opening Celebration, Chimacum Ridge Forest, Conservation Partners, Dosewallips & Duckabush Rivers, Tarboo Wildlife Preserve, Midori Farm, âœ•, Youth Corps Program, Reports & Financials, Protected Properties, Economic Benefits of Local Conservation, Education Programs, Video Gallery, CONTACT US, News & Events, LEARN MORE, Work Party: Blackberry Removal at Illahee Preserve, MORE	True	True
Washington	North Olympic Land Trust	https://northolympiclandtrust.org/	OK	Home - North Olympic Land Trust		Conserving Farms, Fish and Forests	568.0	Where We Work, Share your Photos, How We Do It, Sponsors, Board, Our Work, Ways to Give, Volunteer, Climate Resilience, Sign Up for our Newsletter, Staff, History, Conservation Areas, Conserve Your Land, Monthly Evergreen Giving, Multimedia Gallery, Events, Donate, Financials & Reports, Dedicate Your Gift, Our Partners, Legacy Giving, Connect, Career Opportunities, About Us, Contact Us, Newsletter, News, Search Our Site	True	True
Washington	Skagit Land Trust	https://www.skagitlandtrust.org/	OK			Land Trust News	396.0		True	True
Washington	Whidbey Camano Land Trust	https://www.wclt.org/	OK	Home - Whidbey Camano Land Trust	The mission of the Whidbey Camano Land Trust is to protect, restore and create access to forests, shorelines, farmlands and other habitats in Island County and the Salish Sea, for ecological and community resilience and the benefit of all living things.		346.0	Contact, Our Story, Give, Volunteer Opportunities, HabitChat, Ways to Give, History, Newsletters, Employment Opportunities, Events, Donate, Land Trust Store, Business Sponsors, Newsroom, Our Staff & Board, Home, How We Operate, Get Involved, 2024 Donor Acknowledgements, Protected Properties, News, Video Gallery, Saving Land	True	True
Washington	Whatcom Land Trust	https://whatcomlandtrust.org/	OK	Home - Whatcom Land Trust	Whatcom Land Trust preserves and protects wildlife habitat, scenic, agricultural and open space land in Whatcom County for future generations	Upcoming Events | Who We are	901.0	Governors Point, Skookum Creek Wildlife Corridor, Get Involved, ï€‚Search, Contribute, Home, News, California Creek Estuary, Stewart Mountain Community Forest, Our Work, About Us, Donate	True	False
West Virginia	Coal River Mountain Watch	https://crmw.net/	OK	Coal River Mountain Watch		Keep 56 Million Tons Of Coal In The Ground | Thanks For The Car! | Still Needing $ For Our Monitoring Vehicle | Lexington Coal Company's Doubly Delinquent $3 Million In Fines | Comment 3/25/2025 To Oppose Renewal Of A Waste Coal Reprocessing Site | Remember Buffalo Creek | Environmental Groups Sue To Challenge Mountaintop Removal Mine On Coal River Mountain	1096.0		True	True
West Virginia	West Virginia Land Trust	https://wvlandtrust.org/	OK	WV Land Trust â€” Conserving West Virginia's special places.	The WV Land Trust is a statewide nonprofit dedicated to protecting West Virginiaâ€™s natural lands, scenic areas, water quality, and recreational access forever.	WVLT acquired the Greenville Saltpeter Cave in Monroe County | The Gateway to Sandstonia Protected Forever | Monongalia farm protected with countyâ€™s first agricultural conservation easement | Chasing waterfalls: Piney Creek Preserve opens first trail to public | Familyâ€™s Decision to Conserve 82-Acre Farm Expands Moulton Park | WVLT Receives $2.8 million for Mammoth Project	751.0	Contact, Our Protected Land, Public Recreation Access, Special Places Celebration, Trail Guide, Support Our Work, Our Work, Volunteer Opportunities, Partners, Shop, Staff, History, Community Development, Newsletters, Resources, Protect Your Land, Activities, Events Calendar, Donate, Ways to Get Involved, Blue Jean Ball, Learn More, Ways to Support, Impact Reports, About Us, Other Ways to Get Involved, News, Board of Directors	True	True
Wisconsin	Driftless Area Land Conservancy	https://driftlessconservancy.org/	OK	Driftless Area Land Conservancy, The Land Trust for Southwest Wisconsin	Driftless Area Land Conservancy's purpose is to maintain and enhance the health, diversity and beauty of Southwest Wisconsin's natural and agricultural landscape through permanent land protection and restoration, and improve people's lives by connecting them to the land and to each other.	Conservation. Care. Connection. | Driftless Area Land Conservancy's purpose is to maintain and enhance the health, diversity and beauty of Southwest Wisconsin's natural and agricultural landscape through permanent land protection and restoration, and improve people's lives by connecting them to the land and to each other. | 58 Properties Protected | 25 Years of Land Protection & Outreach | 9748 Acres Protected | Join us for an upcoming event!	396.0	Latest News, Contact, Photo Gallery, Our Team, Volunteer, Ways to Give, Lowery Creek Watershed, Join the Legacy Society, Manage Your Land, Our Energy Future, Protect Your Land, GIVE TODAY, Our Board, Transmission Line Opposition, Driftless Trail, Southern Driftless Grasslands, Land Protection, Employment and Other Opportunities, Annual Reports, Social Media, Find an Event & Register, Newsletter, Accreditation, HOME, DALC Merch Store, CALENDAR OF EVENTS, DONATE, Ambassador Properties	True	True
Wisconsin	Gathering Waters	https://gatheringwaters.org/	OK	Gathering Waters â€“ Wisconsin's Alliance for Land Trusts			813.0	Land Trust News, Find A Land Trust, WI Land Trust Conference, What We Do, Ways To Give, WI Land Trust Days, Next Events, Land Trust Resources, Shop, Land Conservation Leadership Awards, What Is A Land Trust, Conserve Your Land, Your Impact & Thanks, Events Calendar, Donate, Who We Are, Publications, Previous Events, Visit Our Favorite Places, Your Trust Matters, Legacy Giving, Land Trust Jobs, Today, Monthly Giving, Blog, Advocacy, News & Events	True	False
Wisconsin	Landmark Conservancy	https://landmarkwi.org/	OK	Landmark Conservancy Home - Landmark Conservancy	Protect your land for future generations! We are a non-profit, Wisconsin-based land conservation organization serving western and northwestern Wisconsin.		619.0	ï…§, ï‚š, Contact, About, Home, News, Support Us, Get Outside!, Land Protection, ï…­, Events, Donate	False	False
Wisconsin	Mississippi Valley Conservancy	https://mississippivalleyconservancy.org/	OK	Conservation for life | Mississippi Valley Conservancy		Conservation for life	760.0	Things You Can Do Today, Menu, Contact, Our Staff, Climate Resources, Nature Preserves, Trail Trek Challenge, Photo Gallery, Include us in your will, Ways to Give, Volunteer, History, Land for Sale, Resources, Policies, Habitat Restoration, Climate Impact, Employment & Internships, Donate, Our Board, Publications, Events Calendar, Donate a conservation easement, Newsroom, Donate stock, Climate Change, Driftless Area BioBlitz, Speak Out, Our Partners, What You Can Do, Doing More, Become a Site Steward, Land Protection, Conservation Easements, About Us, Sign up for our newsletter, Service Area Map, Our Sponsors, Login, Organizational Documents, Make a donation, Get Involved, Videos, Events & Programs, Give from your IRA, Donate real estate, Accreditation, Wild Reads, Linked to the Land, Become a Member, What We Are Doing, Store, Protecting Bird Habitat	True	False
Wisconsin	Northwoods Land Trust	https://northwoodslandtrust.org/	OK	Northwoods Land Trust		Leaving a Legacy of Land for the Northwoods | Protecting our woods, waters & wildlife | Things to Know | Major Initiatives | Support NWLT | Take Action to Protect Your Land Today	950.0	FAQs, Climate Conservation Solutions Initiative, Contact Us, Our Publications, Shop, Site Map, Our Service & Focus Areas, Support NWLT, Conserved Lands, Our History, Northwoods Legacy Society, News & Events, Publications Archive, Protect Your Land, About Us, Old-Growth Forest Initiative, Shoreland Protection Initiative, Donate	False	True
Wisconsin	Ozaukee Washington Land Trust	https://owlt.org/	OK	Restoring Lands: A Wisconsin Land Trust	The mission of Restoring Lands is to protect, connect, and restore southeast Wisconsin's lands and waters for the benefit of all.	Want to have an event on a Restoring Lands Nature Preserve? Click here!	361.0	IN THE NEWS, COMMUNITY SCIENCE, PRINT NEWSLETTERS, EVENTS, STORE, EMPLOYMENT OPPORTUNITIES, ANNUAL REPORTS, APPLICATIONS & PROPOSALS, RECREATION, WATER RECREATION, HUNTING, DIGITAL eNEWS, VOLUNTEER, ABOUT, HIKING, BETTER TOGETHER: A WATERSHED MOMENT, BIRD WATCHING, SUPPORT, PRESERVES, STAFF, PROTECT YOUR PROPERTY, BOARD & COMMITTEE APPLICATION, BOAT RACK RENTAL, GET INVOLVED, HOME, FISHING, CALENDAR OF EVENTS, DONATE, BOARD, NEWS	True	True
Wisconsin	Tall Pines Conservancy	https://tallpinesconservancy.org/	OK	Home			293.0		True	False
Wisconsin	The Ridges Sanctuary	https://ridgessanctuary.org/	OK	The Ridges Sanctuary â€“ Preservation, Education, and Research - The Ridges Sanctuary		More than a walk in the woods	521.0	Contact, Join, Board, All Events, About, Maps, Volunteer, Properties, Indigenous Heritage, Membership, Staff, History, Donate, Summer Camps, Explore, Education, Mission, Vision, Guiding Principles, Free Fridays, We're Going Solar! Click here to learn more and how you can help!, Our Focus, Careers, Festival Of Nature, Research, Donors, Hike the Ridges, Accessibility, Events & Programs, Event Calendar, Financials, Blog, Master Plan, Trail Pass, The Ridges Sanctuary, Preservation, Hours + Policies	True	False
Wisconsin	Kettle Moraine Land Trust	https://kmlandtrust.org/	OK	Kettle Moraine Land Trust â€“ Serving the southern Kettle Moraine lakes area in Walworth County, Wisconsin			366.0		True	True
Wisconsin	Glacial Lakes Conservancy	https://www.glaciallakes.org/	OK	Home	Glacial Lakes Conservancy, Inc. is a private, non-profit land conservation organization, prompting a deep concern for the future of our regionâ€™s lands and waters.		680.0		True	True
Wyoming	Jackson Hole Land Trust	https://jhlandtrust.org/	OK	Jackson Hole Land Trust | Protecting Land. Connecting People	Our mission is to protect and steward Northwest Wyoming landscapes for current and future generations.	Protecting Land. Connecting People.	469.0	Where We Work, What We Do, Mail a Check, Donor-Advised Funds, Ways To Give, Green River Valley, Tax-Smart Gifts, Wire Transfers, Protect, R Park, Attend an Event, Cryptocurrency, Volunteer, Donate Now, See Our Calendar, Landowner Request Form, Jackson Hole, Steward, Planned Giving, Appreciated Stock, Wind River, Conservation Strategies, Publications, Make a Gift Online, Support Park County Open Lands, Park County Open Lands, Open Spaces for All, Careers, About Us, Connect, Landowner Resource Hub, Greenspace on the Block, Contact Us, The Latest	True	False
Wyoming	Johnson County Land Trust	https://johnsoncountylandtrust.org/	"Error: HTTPSConnectionPool(host='johnsoncountylandtrust.org', port=443): Max retries exceeded with url: / (Caused by NameResolutionError(""<urllib3.connection.HTTPSConnection object at 0x109c41f90>: Failed to resolve 'johnsoncountylandtrust.org' ([Errno 8] nodename nor servname provided, or not known)""))"							
Wyoming	Monteith Ranch Land Trust	https://monteithranchlandtrust.org/	"Error: HTTPSConnectionPool(host='monteithranchlandtrust.org', port=443): Max retries exceeded with url: / (Caused by NameResolutionError(""<urllib3.connection.HTTPSConnection object at 0x109c40690>: Failed to resolve 'monteithranchlandtrust.org' ([Errno 8] nodename nor servname provided, or not known)""))"							
Wyoming	Rattlesnake Hills Land Trust	https://rattlesnakehillslandtrust.org/	"Error: HTTPSConnectionPool(host='rattlesnakehillslandtrust.org', port=443): Max retries exceeded with url: / (Caused by NameResolutionError(""<urllib3.connection.HTTPSConnection object at 0x109c425d0>: Failed to resolve 'rattlesnakehillslandtrust.org' ([Errno 8] nodename nor servname provided, or not known)""))"							
Wyoming	The Nature Conservancy of Wyoming	https://www.nature.org/en-us/about-us/where-we-work/united-states/wyoming/	OK	The Nature Conservancy in Wyoming	Learn about how The Nature Conservancy is approaching conservation challenges and opportunities throughout Wyoming.	Wyoming	950.0	EspaÃ±ol, Our People, How We Work, Where We Work, Caribbean, Europe, Other Ways to Give, Asia Pacific, What We Do, Our Science, India, Volunteer, Our Priorities, Attend Events, Membership & Giving, Africa, Skip to content, Give Monthly, Calculate Your Carbon Footprint, Our Insights, Renew, Donate, Who We Are, Protect Ocean, Land & Fresh Water, Data & Tools, Provide Food and Water, Reports, English, Tackle Climate Change, Explore the Places We Protect, Show search, Our History, Gift & Estate Planning, About Us, Latin America, Go Back, Perspectives, Get Involved, Take Action, How To Help, Educational Resources, Canada, United States, Become a Member, Our Accountability	True	True
