website	facebook	instagram	youtube	twitter	linkedin	name
https://www.blackswamp.org/	https://www.facebook.com/BlackSwampConservancy	https://www.instagram.com/blackswampconservancy/				
https://cardinallandtrust.org/						
https://www.gatesmillslandtrust.org/						
https://www.lickinglandtrust.org/	https://www.facebook.com/Licking-Land-Trust-139821466038394/?fref=ts	https://www.instagram.com/lickinglandtrust/				
https://tecumsehlandtrust.org/						
https://www.wrlandconservancy.org/	https://www.facebook.com/WesternReserveLandConservancy	https://www.instagram.com/wrlconservancy/	https://www.youtube.com/channel/UCfxtI74zdjnQuyTCE9bKpJg		https://www.linkedin.com/company/western-reserve-land-conservancy	
https://www.deschuteslandtrust.org/	http://www.facebook.com/pages/Deschutes-Land-Trust/109259335639	https://www.instagram.com/deslandtrust/	http://www.youtube.com/user/DeschutesLT			
https://gorgefriends.org/	https://www.facebook.com/gorgefriends/	https://www.instagram.com/gorgefriends/	https://www.youtube.com/user/columbiagorge			
https://greenbeltlandtrust.org/	https://www.facebook.com/greenbeltlandtrust	https://www.instagram.com/greenbeltlandtrust/		https://twitter.com/intent/tweet?text=https%3A%2F%2Fwww.facebook.com%2F113107225401346_2237061583388514	https://www.linkedin.com/shareArticle?mini=true&url=https%3A%2F%2Fwww.facebook.com%2F113107225401346_2237061583388514&title=%09The%20finished%20frame%20of%20our%20new%20timber%20frame%20pavilion%2C%20constructed%20as%20a%20Community%20Build%20Project%20with%20the%20Timber%20Framers%20Guild.%20%09%09	
https://www.mckenzieriver.org/						
https://nclctrust.org/	https://www.facebook.com/nclctrust	https://www.instagram.com/nclctrust/	https://www.youtube.com/channel/UCLB0ZlMwSALFtBtXYIXg0IQ			
https://landconserve.org/	https://www.facebook.com/landconserve	https://www.instagram.com/solandconservancy	https://www.youtube.com/channel/UCLy9lYIwroz-3wAmiyZe7GA/videos			
https://wetlandsconservancy.org/	https://www.facebook.com/WetlandsConservancy/	https://www.instagram.com/wetlandsconservancy		https://twitter.com/oregonwetlands	https://www.linkedin.com/company/the-wetlands-conservancy/	
https://wallowalandtrust.org/	https://www.facebook.com/WallowaLandTrust/	https://www.instagram.com/wallowalandtrust	https://www.youtube.com/channel/UC2UG1PM7g6761zVMaYsIsyA			
https://www.westernrivers.org/	https://www.facebook.com/pages/Western-Rivers-Conservancy/142538199126207	https://instagram.com/westernriversconservancy	https://www.youtube.com/channel/UCdct3PFn3yEFKbt15ABJDyQ			
https://www.wildriverslandtrust.org/	http://facebook.com/WildRiversLandTrust				http://linkedin.com/WildRiversLandTrust	
https://alleghenylandtrust.org/	https://www.facebook.com/Marshall-Design-LLC-188968454475612/	https://instagram.com/alleghenylandtrust			http://linkedin.com/company/alleghenylandtrust/	
https://www.brandywine.org/conservancy	https://www.facebook.com/BrandywineConservancy	https://instagram.com/brandywineconservancy/				
https://www.centralpaconservancy.org/	https://www.facebook.com/centralpaconservancy/					
https://chconservancy.org/						
https://www.clearwaterconservancy.org/	https://www.facebook.com/ClearWaterConservancy/	https://www.instagram.com/clearwaterconservancy/				
https://countrysideconservancy.org/	https://www.facebook.com/Countryside-Conservancy-448822260113	https://www.instagram.com/countryside_conservancy/				
https://delawarehighlands.org/	https://www.facebook.com/DelawareHighlandsConservancy/	https://www.instagram.com/dhconservancy/	https://www.youtube.com/channel/UCw2un9xRUzHkkDNkL6BZjsQ	https://twitter.com/DHConservancy		
https://frenchandpickering.org/	https://www.facebook.com/FPCCT	https://www.instagram.com/frenchandpickeringcreeks/	https://www.youtube.com/@frenchandpickering			
https://fcvc.org/						
https://heritageconservancy.org/	https://www.facebook.com/heritageconservancy/	https://www.instagram.com/heritageconservancy/	https://www.youtube.com/channel/UC0TOsBqd5ipKytRG_TAu6Dg		https://www.linkedin.com/company/heritage-conservancy/	
https://hollowoak.org/	https://www.facebook.com/HollowOakLandTrust	https://www.instagram.com/reel/DO7DGVPlYse/				
https://www.lancasterconservancy.org/	https://www.facebook.com/LancasterConservancy/	https://www.instagram.com/lancasterconservancy/	https://www.youtube.com/@LancasterConservancy/			
https://lancasterfarmlandtrust.org/	https://www.facebook.com/lancasterfarmland/	https://www.instagram.com/lancasterfarmlandtrust/	https://www.youtube.com/user/LancFarmTrust/		https://www.linkedin.com/company/lancaster-farmland-trust	
https://www.lcacnet.org/	https://facebook.com/newsonclimatechange	https://www.instagram.com/solarpowercee		https://twitter.com/solarpowercee		
https://landtrustbuckscounty.org/	https://www.facebook.com/landtrustbucks/	https://www.instagram.com/landtrustofbuckscounty/				
https://natlands.org/	https://www.facebook.com/NatLands/	https://www.instagram.com/natural.lands			https://www.linkedin.com/company/natural-lands/	
https://northbranchlandtrust.org/						
https://tlcforscc.org/						
https://tinicumconservancy.org/	https://www.facebook.com/Tinicum-Conservancy-77100823621/	https://www.instagram.com/tinicumconservancy/				
https://waterlandlife.org/						
https://westmoreland-landtrust.org/			https://www.youtube.com/watch?v=TPiEm-ZPK-s			
https://www.wildlandspa.org/						
https://wctrust.org/	https://www.facebook.com/wctrust.org	https://www.instagram.com/wctrust/	https://www.youtube.com/user/WillistownCT/		https://www.linkedin.com/company/willistown-conservation-trust/	
https://ailt.org/	https://www.facebook.com/aquidneckland/	https://www.instagram.com/aquidnecklandtrust/			https://www.linkedin.com/company/aquidneck-land-trust/	
https://biconservancy.org/	https://www.facebook.com/Block-Island-Conservancy-166079953452353/					
https://blockislandlandtrust.org/						
https://conanicutlandtrust.org/	https://www.facebook.com/Conanicutlandtrust		https://youtube.com/@conanicutislandlandtrustri?si=9DVPmchEFl4kDpO-			
https://middletownvalleylandtrust.org/						
https://www.nature.org/en-us/about-us/where-we-work/united-states/rhode-island/	https://www.facebook.com/tncrhodeisland	https://www.instagram.com/tnc_rhodeisland	https://www.youtube.com/user/natureconservancy	http://www.twitter.com/TNC_RI	https://www.linkedin.com/cws/share?mini=true&url=https://www.nature.org/en-us/about-us/where-we-work/united-states/rhode-island/&title=The%20Nature%20Conservancy%20in%20Rhode%20Island&summary=Our%20mission%20is%20to%20protect%20the%20lands%20and%20waters%20on%20which%20all%20life%20depends.%20We%27ve%20been%20working%20in%20Rhode%20Island%20to%20do%20just%20that.	
https://sakonnetpreservation.org/						
https://sklt.org/		https://www.instagram.com/sklandtrust/				
https://tivertonlandtrust.org/	https://www.facebook.com/tivertonlandtrust	https://www.instagram.com/tivertonlandtrust				
https://openlandtrust.org/						
https://charlestonlandtrust.org/						
https://congareelt.org/	https://www.facebook.com/CongareeLandTrust/	https://www.instagram.com/congareelt/		https://twitter.com/morethanacres		
https://lowcountrylandtrust.org/						
https://www.upstateforever.org/	https://www.facebook.com/UpstateForever/	https://www.instagram.com/upstateforever/		https://twitter.com/upstateforever?lang=en		
https://gfp.sd.gov/northern-prairies-land-trust/	https://www.facebook.com/sdgfp/	https://www.instagram.com/sdgamefishparks/	https://www.youtube.com/user/SouthDakotaGFP	https://twitter.com/SDGameFishParks		
https://fbriver.org/						
https://www.landtrusttn.org/						
https://tenngreen.org/	https://www.facebook.com/tenngreenlc	https://www.instagram.com/tenngreenlc/	https://www.youtube.com/@tenngreenlc	https://twitter.com/tenngreenlc		
https://bayoulandconservancy.org/	https://www.facebook.com/BayouLandConservancy/?ref=bookmarks	https://www.instagram.com/bayou_land_conservancy/?hl=en	https://www.youtube.com/watch?v=ft0C64RC4KA&feature=youtu.be	https://twitter.com/BLConservancy	https://www.linkedin.com/company/bayou-land-conservancy/?viewAsMember=true	
https://cactuspine.org/						
https://hillcountryconservancy.org/	http://www.facebook.com/hillcountryconservancy/	http://instagram.com/hillcountryconservancy/	https://www.youtube.com/user/HillCountryConserve	https://twitter.com/HCCHereForever	http://www.linkedin.com/company/hill-country-conservancy	
https://www.texaslandconservancy.org/	https://www.facebook.com/texaslandconservancy	https://www.instagram.com/texaslandconservancy				
https://www.txaglandtrust.org/	https://www.facebook.com/txaglandtrust	https://www.instagram.com/txaglandtrust	https://www.youtube.com/@texasaglandtrust		https://www.linkedin.com/company/texas-agricultural-land-trust/	
https://texaslandtrustcouncil.org/	https://www.facebook.com/TXLandTrustCouncil		http://www.youtube.com/user/TXLandTrustCouncil			
https://moablandtrust.org/						
https://wesaveland.org/	http://www.facebook.com/wesaveland	http://instagram.com/wesaveland		https://twitter.com/Summit_Land		
https://wildutahproject.org/	https://www.facebook.com/sagelandcollaborative/	https://www.instagram.com/sagelandcollab			https://www.linkedin.com/company/sageland-collaborative/	
https://catamounttrail.org/						
https://vlt.org/						
https://mhct.org/	https://www.facebook.com/mentalhealthcounciltas/	https://www.instagram.com/mhctas/			https://www.linkedin.com/company/mental-health-council-of-tasmania/	
https://newenglandforestry.org/						
https://www.stowelandtrust.org/	https://www.facebook.com/StoweLandTrust	https://www.instagram.com/stowelandtrust/		https://twitter.com/stowelandtrust		
https://woodstocklandtrust.org/						
https://brlcva.org/	//facebook.com/landtrust			//twitter.com/landsavers	//www.linkedin.com/company/blue-ridge-land-conservancy	
https://eslandtrust.org/						
https://landtrustva.org/	https://www.facebook.com/LandTrustofVirginia/	https://www.instagram.com/landtrustofvirginia/				
https://www.pecva.org/	https://www.facebook.com/pecva	https://www.instagram.com/piedmontenviron/	https://www.youtube.com/user/piedmontenvironmenta	https://twitter.com/piedmontenviron		
https://valleyconservation.org/	https://www.facebook.com/ShenandoahValleyConservancy	https://www.instagram.com/ShenandoahValleyConservancy				
https://eslandtrust.org/						
https://forterra.org/						
https://www.columbialandtrust.org/						
https://saveland.org/						
https://northolympiclandtrust.org/	https://www.facebook.com/northolympiclandtrust	https://www.instagram.com/northolympiclandtrust/				
https://www.skagitlandtrust.org/	https://www.facebook.com/skagitlandtrust	https://www.instagram.com/skagitlandtrust/	https://www.youtube.com/channel/UCDLJhroiA232x4Pld9TNySw?view_as=subscriber			
https://www.wclt.org/	https://www.facebook.com/WhidbeyCamanoLandTrust/	https://www.instagram.com/whidbeycamanolandtrust/	https://www.youtube.com/channel/UCPqxsaLL3jNGQjz4vDOwHZQ	https://twitter.com/WCLandTrust	https://www.linkedin.com/company/whidbey-camano-land-trust/	
https://whatcomlandtrust.org/	https://www.facebook.com/WhatcomLandTrust/	https://www.instagram.com/whatcom_landtrust/	https://www.youtube.com/channel/UCq0Wq0O4aT7abljJED893GA			
https://crmw.net/	http://www.facebook.com/CRMWSTOPMTR		http://www.youtube.com/watch?v=DfzwgMZmOXM			
https://wvlandtrust.org/	https://www.facebook.com/wvlandtrust				https://www.linkedin.com/company/west-virginia-land-trust/	
https://driftlessconservancy.org/	https://www.facebook.com/driftlessconservancy	https://www.instagram.com/driftless_dalc/	https://www.youtube.com/channel/UCVA-I8CGn-XqahF6GD5GSTA/			
https://gatheringwaters.org/	https://www.facebook.com/GatheringWatersWI/	https://www.instagram.com/gatheringwaters/			https://www.linkedin.com/company/gathering-waters-conservancy/about/	
https://landmarkwi.org/	https://www.facebook.com/LandmarkConservancyWI/	https://www.instagram.com/landmarkwisconsin/	https://www.youtube.com/@landmarkconservancy413			
https://mississippivalleyconservancy.org/	https://www.facebook.com/Mississippi-Valley-Conservancy-222430287164/	https://www.instagram.com/mississippi_valley_conservancy/	https://www.youtube.com/user/BluffConservancy			
https://northwoodslandtrust.org/	https://www.facebook.com/NorthwoodsLandTrust/	https://www.instagram.com/northwoods_land_trust/?hl=bg	https://www.youtube.com/@northwoodslandtrust6460			
https://owlt.org/	https://www.facebook.com/restoringlandswi/	https://www.instagram.com/restoringlandswi/	https://www.youtube.com/channel/UCFW7IgqFkxwYH3NAK9u44TQ		https://www.linkedin.com/company/restoringlandswi//	
https://tallpinesconservancy.org/						
https://ridgessanctuary.org/						
https://kmlandtrust.org/	https://www.facebook.com/KettleMoraineLandTrust/			https://twitter.com/kettlemorainelt/	https://www.linkedin.com/company-beta/15529284/	
https://www.glaciallakes.org/	https://www.facebook.com/pages/Glacial-Lakes-Conservancy/265599060270924	https://www.instagram.com/glacial.lakes/?hl=en		https://twitter.com/LakesGlacial		
https://jhlandtrust.org/						
https://johnsoncountylandtrust.org/						
https://monteithranchlandtrust.org/						
https://rattlesnakehillslandtrust.org/						
https://www.nature.org/en-us/about-us/where-we-work/united-states/wyoming/	https://www.facebook.com/NatureConservancyWyoming/	https://www.instagram.com/tnc_wyoming/	https://www.youtube.com/user/natureconservancy	https://twitter.com/nature_org	https://www.linkedin.com/cws/share?mini=true&url=https://www.nature.org/en-us/about-us/where-we-work/united-states/wyoming/&title=The%20Nature%20Conservancy%20in%20Wyoming&summary=Learn%20about%20how%20The%20Nature%20Conservancy%20is%20approaching%20conservation%20challenges%20and%20opportunities%20throughout%20Wyoming.	
