State	Organization	URL	LH_Perf	LH_A11y	LH_BP	LH_SEO	axe_violations	AuditStatus	Facebook	Instagram	YouTube	LinkedIn
National	Access Fund	https://www.accessfund.org	32.0	86.0	96.0	100.0	5	OK	https://www.facebook.com/accessfund	https://instagram.com/accessfund/		
National	Ducks Unlimited	https://www.ducks.org	52.0	81.0	75.0	92.0	7	OK	https://www.facebook.com/DucksUnlimited	https://www.instagram.com/ducksunlimitedinc	https://www.youtube.com/user/DucksUnlimitedInc	https://www.linkedin.com/company/ducks-unlimited/jobs/
National	Wetlands America Trust (affiliate)	https://www.ducks.org/conservation/wetlands-america-trust	0.0	0.0	0.0	0.0	7	OK	https://www.facebook.com/DucksUnlimited	https://www.instagram.com/ducksunlimitedinc	https://www.youtube.com/user/DucksUnlimitedInc	https://www.linkedin.com/company/ducks-unlimited/jobs/
National	The Conservation Fund	https://www.conservationfund.org	53.0	87.0	96.0	85.0	2	OK				
National	Sustainable Conservation (affiliate)	https://suscon.org	55.0	86.0	82.0	85.0	5	OK	https://www.facebook.com/pages/Sustainable-Conservation/116106692365	https://instagram.com/sustainable_conservation/	https://www.youtube.com/user/suscon123	https://www.linkedin.com/company/sustainable-conservation?trk=cp_followed_name_sustainable-conservation
National	The Nature Conservancy	https://www.nature.org	51.0	100.0	100.0	77.0	3	OK				
National	The Trust for Public Land	https://www.tpl.org	53.0	89.0	100.0	77.0	2	OK	https://www.facebook.com/TheTrustforPublicLand/	https://www.instagram.com/trustforpublicland/	https://www.youtube.com/user/TrustforPublicLand	https://www.linkedin.com/company/the-trust-for-public-land/
National	The Wilderness Land Trust	https://wildernesslandtrust.org	55.0	73.0	79.0	85.0	9	OK	https://www.facebook.com/wildernesslandtrust	https://www.instagram.com/wildernesslandtrust/		
Alabama	Freshwater Land Trust	https://www.freshwaterlandtrust.org	46.0	95.0	100.0	92.0	2	OK				
Alabama	Land Trust of North Alabama	https://www.landtrustnal.org	63.0	93.0	96.0	100.0	3	OK				
Alabama	Weeks Bay Foundation	https://weeksbay.org	64.0	96.0	96.0	85.0	2	OK				
Alaska	Great Land Trust	https://greatlandtrust.org	61.0	87.0	100.0	100.0	5	OK	https://www.facebook.com/greatlandtrust	http://instagram.com/greatlandtrust		
Alaska	Interior Alaska Land Trust	https://interioraklandtrust.org	69.0	78.0	100.0	92.0	7	OK	https://www.facebook.com/InteriorAlaskaLandTrust/	https://www.instagram.com/interioraklandtrust/		
Alaska	Kachemak Heritage Land Trust	https://kachemaklandtrust.org	52.0	89.0	79.0	92.0	5	OK				
Alaska	Southeast Alaska Land Trust	https://sealt.org					ERR	ManualReview				
Arizona	Arizona Land and Water Trust	https://alwt.org	61.0	84.0	75.0	92.0	6	OK	https://www.facebook.com/ArizonaLandAndWaterTrust/	https://www.instagram.com/arizonalandandwatertrust		https://www.linkedin.com/company/arizona-land-and-water-trust/
Arizona	Central Arizona Land Trust	https://www.centralazlandtrust.org	65.0	74.0	96.0	85.0	7	OK				
Arizona	Desert Foothills Land Trust	https://dflandtrust.org					ERR	ManualReview				
Arkansas	Northwest Arkansas Land Trust	https://www.nwalandtrust.org	64.0	95.0	100.0	92.0	4	OK	https://www.facebook.com/NWALandTrust	https://www.instagram.com/northwestarkansaslandtrust/		https://www.linkedin.com/company/northwest-arkansas-land-trust/
California	Bear Yuba Land Trust	https://bylt.org	57.0	88.0	96.0	92.0	11	OK				
California	Big Sur Land Trust	https://bigsurlandtrust.org	44.0	87.0	100.0	85.0	8	OK	https://www.facebook.com/BigSurLandTrust/	https://www.instagram.com/bigsurlandtrust/		https://www.linkedin.com/company/big-sur-land-trust
California	California Farmland Trust	https://cafarmtrust.org	60.0	75.0	79.0	77.0	9	OK	https://www.facebook.com/cafarmtrust/	https://www.instagram.com/cafarmtrust	https://www.youtube.com/channel/UCKlEGdx_Z4RUPniOr02dMmg	https://www.linkedin.com/company/547414/
California	California Rangeland Trust	https://rangelandtrust.org	58.0	85.0	57.0	85.0	3	OK	https://www.facebook.com/RangelandTrust/	https://www.instagram.com/rangelandtrust/	https://www.youtube.com/user/RangelandTrust	https://www.linkedin.com/company/california-rangeland-trust/
California	Cayucos Land Conservancy	https://cayucoslandconservancy.org	68.0	93.0	100.0	92.0	5	OK				
Colorado	Aspen Valley Land Trust	https://www.avlt.org	55.0	90.0	79.0	92.0	5	OK	https://www.facebook.com/AspenValleyLandTrust/	https://www.instagram.com/aspenvalleylandtrust/		https://www.linkedin.com/company/aspen-valley-land-trust
Colorado	Black Canyon Regional Land Trust	https://bcrlt.org	0.0	0.0	0.0	0.0	2	OK				
Colorado	Central Colorado Conservancy	https://centralcoloradoconservancy.org	33.0	90.0	79.0	92.0	0	OK				
Colorado	Colorado Cattlemen’s Agricultural Land Trust	https://ccalt.org	59.0	96.0	100.0	85.0	1	OK	https://www.facebook.com/CCALT	https://instagram.com/ccalt_org/	https://www.youtube.com/channel/UCKCZHcn5O4ijfy4PKodsEUg/feed	
Colorado	Colorado Headwaters Land Trust	https://headwaterslandtrust.org					ERR	ManualReview				
Connecticut	Avalonia Land Conservancy	https://avalonialandconservancy.org	58.0	86.0	100.0	100.0	6	OK				
Connecticut	Branford Land Trust	https://branfordlandtrust.org	56.0	89.0	96.0	92.0	4	OK	https://www.facebook.com/branfordlandtrustCT		https://www.youtube.com/@branfordlandtrust	
Connecticut	Candlewood Valley Regional Land Trust	https://candlewoodvalleylandtrust.org					ERR	ManualReview				
Connecticut	Colchester Land Trust	https://colchesterlandtrust.org	71.0	95.0	96.0	92.0	2	OK				
Connecticut	Connecticut Farmland Trust	https://ctfarmland.org	65.0	92.0	89.0	82.0	3	OK	https://www.facebook.com/CTFarmland	https://www.instagram.com/ctfarmland/	https://www.youtube.com/channel/UC6UQ8KraWsZKftvQailgqng	
Florida	Alachua Conservation Trust	https://www.alachuaconservationtrust.org	39.0	91.0	96.0	100.0	3	OK	https://www.facebook.com/AlachuaConservationTrust/	https://www.instagram.com/alachuaconservationtrust/	https://www.youtube.com/channel/UCIlBquOLc9lL-C5Dw9MdVng	https://www.linkedin.com/company/alachua-conservation-trust/
Florida	Conservation Florida	https://conservationfla.org	47.0	94.0	96.0	92.0	3	OK	https://www.facebook.com/conserveflorida	https://www.instagram.com/conservationflorida/		https://linkedin.com/company/conservationflorida
Florida	Conservation Foundation of the Gulf Coast	https://www.conservationfoundation.com					ERR	ManualReview				
Florida	North Florida Land Trust	https://www.nflt.org	61.0	86.0	82.0	85.0	3	OK				
Florida	Tall Timbers Research Station & Land Conservancy	https://talltimbers.org	47.0	74.0	93.0	100.0	7	OK				
Florida	Tampa Bay Conservancy	https://tampabayconservancy.org	68.0	82.0	100.0	92.0	3	OK				
Georgia	Athens Land Trust	https://athenslandtrust.org	55.0	73.0	71.0	85.0	12	OK	https://www.facebook.com/athenslandtrust	https://www.instagram.com/athenslandtrust/		http://linkedin.com/in/adamswilson
Georgia	Central Savannah River Land Trust	https://csrlt.org	59.0	56.0	96.0	77.0	8	OK	https://www.facebook.com/pages/Central-Savannah-River-Land-Trust/83505055673			
Georgia	Chattooga Conservancy	https://chattoogaconservancy.org					ERR	ManualReview				
Georgia	Georgia-Alabama Land Trust	https://galandtrust.org	39.0	92.0	100.0	85.0	3	OK				
Georgia	Georgia Piedmont Land Trust	https://gplandtrust.org					ERR	ManualReview				
Georgia	Mountain Conservation Trust of Georgia	https://mctga.org	68.0	90.0	100.0	92.0	6	OK	https://www.facebook.com/MountainConservationTrust/	https://www.instagram.com/explore/tags/mountainconservationtrust/		
Georgia	Ocmulgee Land Trust	https://ocmulgeelandtrust.com	57.0	88.0	79.0	100.0	6	OK				
Georgia	St. Simons Land Trust	https://sslt.org	0.0	80.0	93.0	69.0	8	OK	https://www.facebook.com/stsimonslandtrust/	https://www.instagram.com/stsimonslandtrust/	https://www.youtube.com/channel/UCxjj8ccFykIqTAnZPmz7-GA	
Hawaii	Hawaiian Islands Land Trust	https://hilt.org	28.0	85.0	96.0	85.0	3	OK				
Idaho	Kaniksu Land Trust	https://kaniksu.org	47.0	87.0	100.0	100.0	5	OK				
Idaho	Land Trust of the Treasure Valley	https://www.lttv.org	38.0	92.0	96.0	100.0	5	OK	https://www.facebook.com/LandTrustTreasureValley/	http://instagram.com/landtrusttreasurevalley		
Idaho	Lemhi Regional Land Trust	https://lemhilandtrust.org	68.0	90.0	100.0	92.0	4	OK				
Idaho	Palouse Land Trust	https://palouselandtrust.org	30.0	85.0	96.0	92.0	6	OK				
Idaho	Sagebrush Steppe Land Trust	https://www.sagebrushlandtrust.org	47.0	81.0	96.0	85.0	5	OK				
Idaho	Teton Regional Land Trust	https://tetonlandtrust.org	53.0	85.0	82.0	77.0	7	OK	https://www.facebook.com/tetonlandtrust/?ref=ts	https://scontent-ord5-2.cdninstagram.com/v/t39.30808-6/517600735_1160263822805903_4655018287667632791_n.jpg?stp=dst-jpg_e35_tt6&_nc_cat=103&ccb=1-7&_nc_sid=18de74&_nc_ohc=Ju1iAn-XyVgQ7kNvwFf9NUX&_nc_oc=AdlsrY3dzte_laLxiLJEXp2uU9b1PSHhZx2K7lkVNE7ycp1QfzxBynMRc9w-2FpJVZQ&_nc_zt=23&_nc_ht=scontent-ord5-2.cdninstagram.com&edm=ANo9K5cEAAAA&_nc_gid=vllZonvOdM7xjcWzctekqA&oh=00_AfR1DcZCryLN8ygYZDzvghkPNYj4WGdNuBqLPoE7eWk99g&oe=688273B1		https://www.linkedin.com/shareArticle?mini=true&url=https%3A%2F%2Fwww.facebook.com%2F360428179647_1204707741694844&title=%09We%E2%80%99re%20hiring%20a%20Stewardship%20Director%21%20%F0%9F%8C%BFDo%20you%20have%20a%20passion%20for%20land%20conservation%20and%20strong%20leadership%20skills%3F%20Teton%20Regional%20Land%20Trust%20is%20looking%20for%20a%20Stewardship%20Director%20to%20guide%20our%20Stewardship%20Program%2C%20working%20with%20landowners%2C%20conservation%20partners%2C%20and%20our%20dedicated%20team%20to%20protect%20the%20wild%20and%20working%20lands%20of%20eastern%20Idaho.%F0%9F%8C%BFLead%20and%20oversee%20TRLT%E2%80%99s%20Stewardship%20Program%F0%9F%8C%BFBuild%20relationships%20with%20landowners%20%26amp%3B%20partners%F0%9F%8C%BFSupervise%20and%20support%20stewardship%20staffPlease%20submit%20a%20cover%20letter%20explaining%20your%20interest%20in%20the%20position%20with%20resume%20and%20three%20professional%20references%20to%20tamara%40tetonlandtrust.org.%20We%20will%20start%20reviewing%20applications%20on%20September%2015.Click%20here%20to%20learn%20more%3A%20tetonlandtrust.org%2Fconnect%2Femployment-opportunities%2F...%23Conservation%20%23NowHiring%20%23Stewardship%20%23LandTrust%20%23EasternIdaho%20%23CareersInConservation%20%23TetonRegionalLandTrust%20%23TRLT35%20%09%09
Idaho	Wood River Land Trust	https://www.woodriverlandtrust.org	60.0	92.0	96.0	83.0	2	OK	https://www.facebook.com/woodriver.landtrust	https://www.instagram.com/woodriverlandtrust/		
Illinois	Jo Daviess Conservation Foundation	https://www.jdcf.org	55.0	76.0	96.0	85.0	12	OK				
Illinois	Lake Forest Open Lands Association	https://www.lfola.org	57.0	90.0	93.0	92.0	5	OK				
Illinois	Natural Land Institute	https://www.naturalland.org	49.0	67.0	82.0	92.0	6	OK	https://www.facebook.com/NaturalLandInstitute/	https://www.instagram.com/nli1958/	https://www.youtube.com/channel/UCA2_6O0C8mCun6ErCJn0klA	
Illinois	Openlands	https://www.openlands.org	56.0	95.0	96.0	92.0	6	OK				
Illinois	Prairie Land Conservancy	https://www.prairielandconservancy.org	61.0	86.0	82.0	75.0	6	OK				
Illinois	The Conservation Foundation	https://www.theconservationfoundation.org	55.0	86.0	96.0	92.0	8	OK				
Illinois	The Land Conservancy of McHenry County	https://conservemc.org	57.0	85.0	100.0	85.0	5	OK	https://www.facebook.com/ConserveMC	https://www.instagram.com/conservemchenrycounty/	https://www.youtube.com/c/landconservancyofmchenrycounty	
Indiana	Central Indiana Land Trust	https://www.conservingindiana.org	55.0	92.0	100.0	92.0	3	OK				
Indiana	NICHES Land Trust	https://www.nicheslandtrust.org	78.0	86.0	96.0	100.0	6	OK	https://www.facebook.com/NICHEShelpingecosystemssurvive		https://www.youtube.com/user/NICHESLandTrust1	
Indiana	Shirley Heinze Land Trust	https://www.heinzetrust.org	58.0	90.0	82.0	77.0	7	OK				
Indiana	Sycamore Land Trust	https://sycamorelandtrust.org	64.0	59.0	96.0	77.0	5	OK	https://www.facebook.com/SycamoreLandTrust/	https://www.instagram.com/sycamorelandtrust/		
Iowa	Bur Oak Land Trust	https://buroaklandtrust.org	59.0	85.0	96.0	77.0	4	OK	https://www.facebook.com/BurOakLandTrust	https://www.instagram.com/buroaklandtrust/	https://www.youtube.com/channel/UC0Tpsm3tqmtQ9IUsCABgLJQ	https://www.linkedin.com/company/buroaklandtrust/
Iowa	Iowa Natural Heritage Foundation	https://www.inhf.org	62.0	94.0	100.0	92.0	4	OK	https://www.facebook.com/IowaNaturalHeritage/	https://www.instagram.com/inhf	https://www.youtube.com/@theinhf	
Kansas	Kansas Land Trust	https://www.klt.org	49.0	87.0	100.0	85.0	4	OK	https://www.facebook.com/squarespace	https://instagram.com/kansaslandtrust		
Kansas	Ranchland Trust of Kansas	https://www.ranchlandtrustofkansas.org	52.0	78.0	96.0	85.0	10	OK				
Kentucky	Bluegrass Land Conservancy	https://www.bluegrasslandconservancy.org	56.0	90.0	96.0	85.0	5	OK	https://www.facebook.com/bluegrassconservancy	https://www.instagram.com/blconservancy/		https://www.linkedin.com/company/bluegrass-conservancy
Kentucky	Kentucky Natural Lands Trust	https://knlt.org	41.0	88.0	93.0	85.0	8	OK	https://www.facebook.com/KentuckyNaturalLandsTrust	https://instagram.com/kywildlands/	https://www.youtube.com/channel/UC5qpmYk5ixckFc1h73FE8Mw	
Kentucky	Louisville & Jefferson County Environmental Trust	https://louisvilleky.gov/government/advanced-planning/land-trust	0.0	0.0	0.0	0.0	2	OK				
Kentucky	River Fields	https://www.riverfields.org	56.0	79.0	75.0	92.0	8	OK				
Kentucky	Woods and Waters Land Trust	https://woodsandwaterslandtrust.org					ERR	ManualReview				
Louisiana	Land Trust for Louisiana	https://www.landtrustforlouisiana.org	58.0	87.0	100.0	92.0	6	OK				
Maine	Androscoggin Land Trust	https://androscogginlandtrust.org	58.0	77.0	100.0	100.0	7	OK	//facebook.com/AndroscogginLandTrust/			
Maine	Bangor Land Trust	https://www.bangorlandtrust.org	61.0	90.0	75.0	83.0	5	OK	https://www.facebook.com/bangorlandtrust/	https://www.instagram.com/bangorlandtrust/		
Maine	Blue Hill Heritage Trust	https://www.bluehillheritagetrust.org	61.0	88.0	96.0	77.0	8	OK				
Maine	Boothbay Region Land Trust	https://bbrlt.org	56.0	84.0	100.0	85.0	7	OK	https://www.facebook.com/Boothbay-Region-Land-Trust-115571401800163/	https://www.instagram.com/boothbay_region_land_trust/	https://www.youtube.com/channel/UCRergpLHcBYhgIb-bqaqhzA	
Maine	Brunswick-Topsham Land Trust	https://www.btlt.org	55.0	91.0	96.0	100.0	6	OK	http://facebook.com/brunswicktopsham	https://www.instagram.com/brunswicktopsham/	https://www.youtube.com/@BtltOrg	https://www.linkedin.com/company/brunswick-topsham-land-trust/
Maine	Cape Elizabeth Land Trust	https://www.capelandtrust.org	56.0	89.0	68.0	83.0	4	OK	https://www.facebook.com/celtmaine	https://www.instagram.com/celtmaine/		
Maine	Chebeague & Cumberland Land Trust	https://www.ccltmaine.org	51.0	87.0	96.0	85.0	7	OK	https://www.facebook.com/ChebeagueAndCumberlandLandTrust/	http://instagram.com/chebeaguecumblandtrust		
Maine	Coastal Mountains Land Trust	https://www.coastalmountains.org	72.0	78.0	100.0	85.0	9	OK	https://www.facebook.com/coastalmountainslt/	https://www.instagram.com/coastal_mountains_land_trust/		
Maine	Coastal Rivers Conservation Trust	https://www.coastalrivers.org	68.0	87.0	100.0	85.0	7	OK	https://www.facebook.com/coastalrivers/	https://www.instagram.com/coastalriverstrust/	https://www.youtube.com/channel/UCAJwiQqTEE6-1SMCt-fK_CA	
Maine	Downeast Coastal Conservancy	https://www.downeastcoastalconservancy.org	54.0	82.0	100.0	85.0	7	OK				
Maine	Forest Society of Maine	https://www.fsmaine.org	61.0	81.0	100.0	92.0	5	OK	https://www.facebook.com/ForestSocietyofMaine/	https://www.instagram.com/forest_society_of_maine/		https://www.linkedin.com/company/forest-society-of-maine/
Maine	Frenchman Bay Conservancy	https://www.frenchmanbay.org	57.0	87.0	100.0	85.0	6	OK				
Maine	Georges River Land Trust	https://www.georgesriver.org	58.0	91.0	100.0	100.0	3	OK	https://www.facebook.com/GeorgesRiverLandTrust	https://www.instagram.com/georgesriverlandtrust/?hl=en		https://www.linkedin.com/shareArticle?mini=true&url=https%3A%2F%2Fwww.georgesriver.org%2Fevent-details%2Ftrail-ecosystem-workshop-volunteer-workday
Maine	Great Pond Mountain Conservation Trust	https://greatpondtrust.org	57.0	63.0	96.0	85.0	9	OK				
Maine	Harpswell Heritage Land Trust	https://hhltmaine.org	57.0	93.0	100.0	85.0	6	OK	https://www.facebook.com/hhltmaine	https://www.instagram.com/harpswell_heritage_land_trust		
Maine	Kennebec Estuary Land Trust	https://www.kennebecestuary.org	48.0	89.0	96.0	85.0	8	OK	https://www.facebook.com/KennebecEstuaryLandTrust/	http://instagram.com/kennebec_estuary_land_trust		
Maine	Kennebec Land Trust	https://www.tklt.org	31.0	93.0	96.0	100.0	4	OK	https://www.facebook.com/kennebeclandtrust/			
Maine	Loon Echo Land Trust	https://www.loonecholandtrust.org	58.0	87.0	100.0	92.0	8	OK				
Maine	Mahoosuc Land Trust	https://www.mahoosuc.org	65.0	98.0	100.0	92.0	3	OK	https://www.facebook.com/mahoosuclandtrust/	https://www.instagram.com/mahoosuc_landtrust/		
Maine	Maine Coast Heritage Trust	https://www.mcht.org	52.0	88.0	100.0	100.0	3	OK	https://www.facebook.com/MaineCoastHeritageTrust/	https://www.instagram.com/maine_coast_heritage_trust/		https://www.linkedin.com/company/maine-coast-heritage-trust/
Maine	Maine Farmland Trust	https://www.mainefarmlandtrust.org	67.0	92.0	100.0	92.0	7	OK	https://www.facebook.com/mainefarmlandtrust	https://www.instagram.com/mainefarms/		
Maine	Midcoast Conservancy	https://www.midcoastconservancy.org	50.0	90.0	100.0	92.0	4	OK	https://www.facebook.com/MidcoastConservancy/	https://www.instagram.com/midcoastconservancy/?hl=en		
Maine	Oceanside Conservation Trust of Casco Bay	https://oceansidect.org					ERR	ManualReview				
Maine	Orono Land Trust	https://oronolandtrust.org	97.0	100.0	100.0	100.0	0	OK	https://www.facebook.com/Orono-Land-Trust-177483702284550	https://www.instagram.com/oronolandtrust/		
Maine	Rangeley Lakes Heritage Trust	https://rlht.org	60.0	95.0	82.0	92.0	6	OK	http://www.facebook.com/rlht.org	https://www.instagram.com/rangeleyheritagetrust/	https://www.youtube.com/channel/UCVTH70rqY_4SMvFMY2uVtPw	
Maine	Three Rivers Land Trust	https://3rlt.org	71.0	100.0	100.0	92.0	1	OK				
Maine	Vinalhaven Land Trust	https://vinalhavenlandtrust.org	50.0	87.0	100.0	92.0	5	OK	https://www.facebook.com/vinalhavenlandtrust/	https://www.instagram.com/vinalhaven_land_trust		
Maryland	American Chestnut Land Trust	https://www.acltweb.org	57.0	92.0	100.0	85.0	3	OK	https://www.facebook.com/AmericanChestnutLandTrust/	https://www.instagram.com/hikeaclt/	https://www.youtube.com/@acltamericanchestnutlandtr5048/videos	
Maryland	Eastern Shore Land Conservancy	https://www.eslc.org	54.0	90.0	82.0	85.0	2	OK	https://www.facebook.com/ESLCmd/	https://www.instagram.com/eslc_md/	https://www.youtube.com/@easternshorelandconservanc6273	
Maryland	Lower Shore Land Trust	https://lowershorelandtrust.org	69.0	100.0	96.0	92.0	1	OK				
Maryland	Potomac Conservancy	https://www.potomac.org	45.0	85.0	96.0	85.0	6	OK				
Maryland	Scenic Rivers Land Trust	https://www.srlt.org	64.0	92.0	96.0	85.0	7	OK	https://www.facebook.com/scenicrivers	https://www.instagram.com/scenicriverslandtrust/	https://www.youtube.com/@scenicriverslandtrust403/featured	https://www.linkedin.com/company/scenic-rivers-land-trust-inc
Massachusetts	Ashburnham Conservation Trust	https://ashburnhamconservationtrust.org	100.0	87.0	100.0	75.0	3	OK				
Massachusetts	Ashby Land Trust	https://ashbylandtrust.org	85.0	100.0	96.0	92.0	2	OK				
Massachusetts	Buzzards Bay Coalition	https://www.savebuzzardsbay.org	57.0	58.0	82.0	92.0	15	OK	https://www.facebook.com/savebuzzardsbay	https://www.instagram.com/savebuzzardsbay/	https://www.youtube.com/user/savebuzzardsbay	https://www.linkedin.com/company/9365674
Massachusetts	Dartmouth Natural Resources Trust	https://dnrt.org	47.0	89.0	79.0	77.0	3	OK	https://www.facebook.com/DNRTmain/	https://www.instagram.com/dnrt_org/		
Massachusetts	Groton Conservation Trust	https://www.gctrust.org	68.0	74.0	96.0	83.0	7	OK				
Massachusetts	Kestrel Land Trust	https://www.kestreltrust.org	56.0	85.0	100.0	85.0	5	OK	https://www.facebook.com/KestrelTrust/	https://www.instagram.com/kestrel_land_trust/		
Massachusetts	Lowell Parks and Conservation Trust	https://lowelllandtrust.org	56.0	80.0	89.0	92.0	10	OK				
Massachusetts	Massachusetts Audubon Society	https://www.massaudubon.org	49.0	83.0	79.0	91.0	8	OK	https://www.facebook.com/MassAudubon	https://www.instagram.com/massaudubon	https://www.youtube.com/user/massaudubon	https://www.linkedin.com/company/mass-audubon/
Massachusetts	Mount Grace Land Conservation Trust	https://www.mountgrace.org	65.0	93.0	100.0	92.0	5	OK	https://www.facebook.com/MountGraceLCT	https://www.instagram.com/mountgracelct/	https://www.youtube.com/channel/UC6cSuMUawRgTkLKgFbKQwwA/videos	
Massachusetts	Sheriff’s Meadow Foundation	https://sheriffsmeadow.org	47.0	79.0	79.0	85.0	7	OK	https://www.facebook.com/Sheriffs-Meadow-Foundation-397399089438/	https://www.instagram.com/sheriffsmeadow/		
Massachusetts	Sudbury Valley Trustees	https://www.svtweb.org	55.0	85.0	96.0	85.0	5	OK	https://www.facebook.com/pages/Sudbury-Valley-Trustees/96339149067	https://instagram.com/sudbury_valley_trustees/	https://www.youtube.com/user/SVTSightings	
Massachusetts	The Trustees of Reservations	https://thetrustees.org	49.0	70.0	96.0	85.0	8	OK	https://www.facebook.com/thetrustees 	https://www.instagram.com/thetrustees/ 	https://www.youtube.com/@TheTrustees 	
Massachusetts	Wareham Land Trust	https://warehamlandtrust.org	63.0	96.0	100.0	83.0	3	OK	https://www.facebook.com/warehamlandtrust/	https://www.instagram.com/warehamlandtrust/	https://www.youtube.com/channel/UCzEkVF4b6Fz1Gd8Hq6SAcqA	
Michigan	Chikaming Open Lands	https://chikamingopenlands.org	67.0	59.0	68.0	92.0	6	OK	https://www.facebook.com/ChikamingOpenLands	https://www.instagram.com/chikamingopenlands	https://www.youtube.com/channel/UCANWsNmtTCh8bHproUHqUDw	
Michigan	Chippewa Watershed Conservancy	https://www.chippewawatershedconservancy.org	54.0	82.0	82.0	92.0	4	OK				
Michigan	Grand Traverse Regional Land Conservancy	https://www.gtrlc.org	56.0	86.0	96.0	69.0	8	OK	https://www.facebook.com/GTRLC	https://www.instagram.com/gtrlc/?hl=en	https://www.youtube.com/user/protectlandforever	
Michigan	Keweenaw Land Trust	https://www.keweenawlandtrust.org	52.0	92.0	100.0	92.0	3	OK				
Michigan	Land Conservancy of West Michigan	https://naturenearby.org	55.0	83.0	100.0	77.0	9	OK	https://www.facebook.com/landconservancy/	https://scontent-ord5-3.cdninstagram.com/v/t51.82787-15/528364060_18474273031074632_2856269329014780878_n.jpg?stp=dst-jpg_e35_tt6&_nc_cat=110&ccb=1-7&_nc_sid=18de74&_nc_ohc=vshiEwllFS0Q7kNvwFR-nhK&_nc_oc=Adn09hEdAZ-011jiBUtid4rRTc7ULYRSv-7ke9UP12jbefzEotkvdw_AwD7r2g2EtyA&_nc_zt=23&_nc_ht=scontent-ord5-3.cdninstagram.com&edm=ANo9K5cEAAAA&_nc_gid=Q6pom4d4Jqpx5CtzUixSKQ&oh=00_AfZBeZeBcHfDyKz-cslEX_XHdVrlcu853XnDLr9vROND5w&oe=68C63A1A	https://www.youtube.com/user/landconservancy/	
Michigan	Leelanau Conservancy	https://leelanauconservancy.org	57.0	95.0	96.0	92.0	2	OK	https://www.facebook.com/LeelanauConservancy	https://www.instagram.com/leelanauconservancy/	https://www.youtube.com/user/LeelanauConservancy/videos	
Michigan	Legacy Land Conservancy	https://legacylandconservancy.org	63.0	88.0	75.0	77.0	2	OK	https://www.facebook.com/legacylandconservancy?ref=hl	https://instagram.com/legacylandconservancy	https://www.youtube.com/channel/UCBVN7eNG9AzGLKqsFPzXNeg	
Michigan	Little Forks Conservancy	https://littleforks.org	47.0	95.0	79.0	92.0	4	OK				
Michigan	Michigan Nature Association	https://michigannature.org	58.0	66.0	75.0	83.0	6	OK	http://www.facebook.com/michigannature	http://instagram.com/michigannature	http://youtube.com/michigannature	
Michigan	North Oakland Headwaters Land Conservancy	https://nohlc.org	58.0	86.0	100.0	75.0	4	OK				
Michigan	Saginaw Basin Land Conservancy	https://www.sblc-mi.org	52.0	97.0	100.0	92.0	3	OK	https://www.facebook.com/saginawland/	https://www.instagram.com/saginaw_basin_land_conservancy/	https://www.youtube.com/@Saginawland	
Michigan	Six Rivers Land Conservancy	https://sixriversrlc.org	56.0	96.0	100.0	100.0	2	OK				
Michigan	Southwest Michigan Land Conservancy	https://swmlc.org	60.0	74.0	100.0	85.0	7	OK	https://www.facebook.com/people/Southwest-Michigan-Land-Conservancy/100066287876111/	https://www.instagram.com/swmlc/	https://www.youtube.com/channel/UC1CUkXeWfhF13ZR2dpkldmA	
Michigan	Upper Peninsula Land Conservancy	https://uplc.org	38.0	70.0	79.0	77.0	10	OK				
Minnesota	Minnesota Land Trust	https://mnland.org	53.0	82.0	96.0	92.0	8	OK	https://www.facebook.com/MinnesotaLandTrust	https://www.instagram.com/mnlandtrust/	https://www.youtube.com/@mnlandtrust	https://www.linkedin.com/company/minnesota-land-trust/
Minnesota	Northern Waters Land Trust	https://northernwaterslandtrust.org	62.0	90.0	100.0	85.0	5	OK				
Mississippi	Land Trust for the Mississippi Coastal Plain	https://ltmcp.org	51.0	94.0	100.0	92.0	3	OK	https://www.facebook.com/LandTrustMSCoastalPlain	https://www.instagram.com/landtrustms/		http://www.linkedin.com/in/land-trust-ltmcp
Missouri	Ozark Regional Land Trust	https://orlt.org	56.0	88.0	96.0	83.0	3	OK				
Montana	Bitter Root Land Trust	https://www.bitterrootlandtrust.org	55.0	92.0	100.0	92.0	3	OK				
Montana	Five Valleys Land Trust	https://www.fvlt.org	56.0	87.0	100.0	100.0	5	OK	https://www.facebook.com/FiveValleysLandTrust/	https://www.instagram.com/fivevalleyslandtrust/		
Montana	Flathead Land Trust	https://www.flatheadlandtrust.org	36.0	86.0	100.0	69.0	6	OK	https://www.facebook.com/flatheadlandtrust	https://www.instagram.com/flatheadlandtrust/	https://www.youtube.com/@flatheadlandtrust1297	
Montana	Gallatin Valley Land Trust	https://gvlt.org	49.0	92.0	96.0	92.0	3	OK				
Montana	Montana Land Reliance	https://mtlandreliance.org	54.0	76.0	75.0	85.0	9	OK	https://www.facebook.com/themontanalandreliance	https://instagram.com/MTlandreliance		
Montana	Prickly Pear Land Trust	https://pricklypearlt.org	55.0	95.0	82.0	100.0	2	OK	https://www.facebook.com/PricklyPearLandTrust/	https://www.instagram.com/pricklypearlandtrust/%20	https://www.youtube.com/@pricklypearlandtrust	
Montana	Vital Ground Foundation	https://www.vitalground.org	44.0	89.0	100.0	92.0	5	OK	https://www.facebook.com/vitalground	https://www.instagram.com/vital_ground/	https://www.youtube.com/user/ForTheGrizzly	
Nebraska	Nebraska Land Trust	https://nebraskalandtrust.org					ERR	ManualReview				
Nevada	Nevada Land Trust	https://nevadalandtrust.org	37.0	89.0	100.0	85.0	4	OK				
New Hampshire	Ammonoosuc Conservation Trust	https://www.aconservationtrust.org					ERR	ManualReview				
New Hampshire	Ausbon Sargent Land Preservation Trust	https://www.ausbonsargent.org	81.0	95.0	96.0	92.0	4	OK				
New Hampshire	Bear-Paw Regional Greenways	https://bear-paw.org	56.0	92.0	100.0	92.0	3	OK				
New Hampshire	Five Rivers Conservation Trust	https://5rct.org	61.0	73.0	100.0	85.0	6	OK	https://www.facebook.com/FiveRiversNH/	https://www.instagram.com/five.rivers.nh/		
New Hampshire	Lakes Region Conservation Trust	https://lrct.org	56.0	89.0	100.0	92.0	10	OK	https://www.facebook.com/lakesregionconservationtrust/	https://www.instagram.com/lakesregionconservationtrust/	https://www.youtube.com/channel/UCYCLUchIJd3KklSQwUtfZbw	
New Hampshire	Monadnock Conservancy	https://www.monadnockconservancy.org	71.0	100.0	96.0	92.0	5	OK	https://www.facebook.com/MonadnockConservancy	https://www.instagram.com/MonadnockConservancy/	https://www.youtube.com/user/MonadnockConservancy	
New Hampshire	Piscataquog Land Conservancy	https://plcnh.org	90.0	86.0	79.0	92.0	6	OK	https://www.facebook.com/PLCNH	https://www.instagram.com/piscataquoglandconservancy/		
New Hampshire	Society for the Protection of New Hampshire Forests	https://forestsociety.org	64.0	95.0	96.0	85.0	3	OK				
New Hampshire	Southeast Land Trust of New Hampshire	https://seltnh.org	79.0	90.0	96.0	100.0	4	OK			https://www.youtube.com/user/SoutheastLandTrust/videos	
New Hampshire	Squam Lakes Conservation Society	https://www.slcs.org					ERR	OK				
New Hampshire	Upper Saco Valley Land Trust	https://www.usvlt.org	72.0	73.0	96.0	91.0	7	OK	https://www.facebook.com/USVLT/			
New Hampshire	Upper Valley Land Trust	https://uvlt.org	56.0	90.0	100.0	69.0	5	OK	https://www.facebook.com/UpperValleyLandTrust	https://scontent-dfw5-2.cdninstagram.com/v/t51.82787-15/540536185_18235084480289223_28287930818493045_n.jpg?stp=dst-jpg_e35_tt6&_nc_cat=100&ccb=1-7&_nc_sid=18de74&_nc_ohc=zXaixBNBNboQ7kNvwHOhZLG&_nc_oc=AdmbUDM1Dl81AWS6LAfZpUaBWBVAAWuOGJIuHgXCg5fPAOFDSL0xtPZvzEEtwtTj9w4&_nc_zt=23&_nc_ht=scontent-dfw5-2.cdninstagram.com&edm=ANo9K5cEAAAA&_nc_gid=gAF-actI7nt4nV4UiqSqcg&oh=00_AfYn3-RFKahAQ0iboby5ISlVo_OmpnrEz1YFp97Kj-wFZA&oe=68C62A55	https://www.youtube.com/channel/UCAa9025AfUOYAaqrGmVk9nQ	
New Jersey	D&R Greenway Land Trust	https://drgreenway.org	55.0	77.0	96.0	77.0	12	OK	https://www.facebook.com/DRGreenwayLandTrust/	https://www.instagram.com/dr_greenway/	https://www.youtube.com/user/Preservation2011	https://www.linkedin.com/company/d-r-greenway-land-trust-inc-2020/%20
New Jersey	Friends of Hopewell Valley Open Space	https://www.fohvos.org	56.0	79.0	79.0	85.0	7	OK				
New Jersey	Great Swamp Watershed Association	https://www.greatswamp.org	55.0	83.0	96.0	92.0	7	OK	https://www.facebook.com/GreatSwamp	https://www.instagram.com/greatswampnj	https://www.youtube.com/@greatswampwatershedassociation	https://www.linkedin.com/company/great-swamp-watershed-association
New Jersey	Harding Land Trust	https://hardinglandtrust.org	60.0	89.0	96.0	100.0	6	OK	https://www.facebook.com/Harding-Land-Trust-551505491679538/	https://www.instagram.com/hardinglandtrust		
New Jersey	Hunterdon Land Trust	https://hunterdonlandtrust.org	31.0	81.0	96.0	85.0	8	OK				
New Jersey	Monmouth Conservation Foundation	https://www.monmouthconservation.org	38.0	80.0	96.0	85.0	7	OK	http://www.facebook.com/MonmouthConservationFoundation	http://instagram.com/monmouthconservationfoundation/		https://www.linkedin.com/company/monmouth-conservation-foundation
New Jersey	New Jersey Conservation Foundation	https://www.njconservation.org	60.0	71.0	100.0	77.0	8	OK	https://www.facebook.com/NJConservation/	https://www.instagram.com/njconservation/	https://www.youtube.com/watch?v=swcC1P9RlEA	
New Jersey	Raritan Headwaters Association	https://www.raritanheadwaters.org	62.0	67.0	96.0	85.0	7	OK	https://www.facebook.com/raritanheadwaters	https://www.instagram.com/raritanheadwaters/	https://www.youtube.com/channel/UCfbB6hrUhyNqwviVX6ebnAg	https://www.linkedin.com/company/raritan-headwaters-association/
New Jersey	Ridge and Valley Conservancy	https://ridgeandvalleyconservancy.org	52.0	92.0	96.0	100.0	4	OK				
New Jersey	South Jersey Land and Water Trust	https://sjlandwater.org	67.0	100.0	96.0	83.0	1	OK				
New Jersey	The Land Conservancy of New Jersey	https://tlc-nj.org	54.0	92.0	100.0	100.0	5	OK				
New Mexico	New Mexico Land Conservancy	https://nmlandconservancy.org	55.0	89.0	75.0	77.0	4	OK	https://www.facebook.com/NMlandconservancy/	https://www.instagram.com/nmlandconservancy/	https://www.youtube.com/watch?v=Ggfvh0bSc04	
New Mexico	Rio Grande Agricultural Land Trust	https://rgalt.org	63.0	70.0	96.0	85.0	8	OK	https://www.facebook.com/rgaltnm	https://www.instagram.com/rgaltnm/		
New Mexico	Santa Fe Conservation Trust	https://sfct.org	58.0	58.0	96.0	77.0	7	OK	https://www.facebook.com/SantaFeConservationTrust/	https://www.instagram.com/santafeconservationtrust/		
New Mexico	Taos Land Trust	https://taoslandtrust.org	63.0	88.0	96.0	77.0	6	OK	https://www.facebook.com/TaosLandTrust/timeline/	https://www.instagram.com/taoslandtrust/	https://www.youtube.com/channel/UCpWuhv9Hf28lKSQ6MlhKyRw?view_as=subscriber	
New York	Adirondack Land Trust	https://adirondacklandtrust.org	64.0	93.0	100.0	92.0	5	OK	https://www.facebook.com/adklandtrust	https://www.instagram.com/adirondacklandtrust/		
New York	Agricultural Stewardship Association	https://www.agstewardship.org	60.0	81.0	100.0	92.0	6	OK	https://www.facebook.com/Agstewardship/	https://www.instagram.com/AgStewardshipAssociation/	https://www.youtube.com/channel/UCtT3P5UOumMEQdOztTLCxtw	
New York	Catskill Center for Conservation and Development	https://catskillcenter.org	37.0	89.0	96.0	100.0	5	OK	https://www.facebook.com/CatskillCenter	http://instagram.com/catskillcenter		http://www.linkedin.com/organization/10337128
New York	Cazenovia Preservation Foundation	https://www.cazpreservation.org	50.0	96.0	100.0	85.0	1	OK	https://www.facebook.com/CazPreservation	https://www.instagram.com/cazpreservation/	https://www.youtube.com/@cpfstaff9877	
New York	Champlain Area Trails	https://champlainareatrails.com	60.0	86.0	96.0	75.0	9	OK	https://www.facebook.com/champlainareatrails	https://www.instagram.com/champlainareatrails/?hl=en		https://www.linkedin.com/company/champlain-area-trails-inc/
New York	Columbia Land Conservancy	https://clctrust.org	64.0	95.0	100.0	92.0	2	OK				
New York	Dutchess Land Conservancy	https://dutchessland.org	61.0	85.0	79.0	83.0	5	OK				
New York	Finger Lakes Land Trust	https://www.fllt.org	60.0	66.0	82.0	85.0	7	OK	https://www.facebook.com/FingerLakesLandTrust	https://www.instagram.com/fingerlakeslandtrust/		
New York	Genesee Land Trust	https://www.geneseelandtrust.org	45.0	91.0	100.0	92.0	3	OK	https://www.facebook.com/geneseelandtrust/	https://www.instagram.com/geneseelandtrust/	https://www.youtube.com/channel/UC4y5bcp786KZ_p5FrcREbMA	
New York	Genesee Valley Conservancy	https://www.geneseevalleyconservancy.org	46.0	96.0	100.0	100.0	1	OK	https://www.facebook.com/GeneseeValleyConservancy	https://www.instagram.com/geneseevalleyconservancy/		
New York	Hudson Highlands Land Trust	https://www.hhlt.org	50.0	79.0	100.0	92.0	4	OK				
New York	Lake George Land Conservancy	https://lglc.org	55.0	96.0	96.0	85.0	2	OK	https://www.facebook.com/HikeLakeGeorge	https://www.instagram.com/hikelakegeorge/	https://www.youtube.com/user/LGLandConservancy	
New York	Mohonk Preserve	https://www.mohonkpreserve.org	40.0	83.0	100.0	100.0	4	OK	https://www.facebook.com/mohonk.preserve/	https://www.instagram.com/mohonkpreserve	http://youtube.com/mohonkpreserve	
New York	North Shore Land Alliance	https://northshorelandalliance.org	7.0	75.0	93.0	85.0	10	OK	https://www.facebook.com/NorthShoreLandAlliance/	https://www.instagram.com/northshorelandalliance/		
New York	Open Space Institute	https://www.openspaceinstitute.org	58.0	95.0	79.0	100.0	4	OK	https://facebook.com/openspaceinst	https://www.instagram.com/openspaceinstitute/		https://www.linkedin.com/company/open-space-institute/
New York	Orange County Land Trust	https://www.oclt.org	71.0	94.0	100.0	92.0	2	OK	https://www.facebook.com/OrangeCountyLandTrust/	https://www.instagram.com/orangecountylandtrust/	https://www.youtube.com/channel/UCJ8AOmvAisYUaZGiuTWwdNA/featured	
New York	Otsego Land Trust	https://otsegolandtrust.org	51.0	90.0	100.0	100.0	5	OK	https://www.facebook.com/OtsegoLandTrust	https://www.instagram.com/otsegolandtrust/		
New York	Peconic Land Trust	https://peconiclandtrust.org	65.0	85.0	100.0	100.0	5	OK				
New York	Putnam County Land Trust	https://putnamlandtrust.org					ERR	ManualReview				
New York	Rensselaer Land Trust	https://www.renstrust.org	69.0	93.0	79.0	92.0	5	OK				
New York	Rensselaer Plateau Alliance	https://rensselaerplateau.org	81.0	90.0	100.0	100.0	6	OK				
New York	Saratoga PLAN	https://www.saratogaplan.org	58.0	71.0	100.0	77.0	7	OK				
New York	Scenic Hudson	https://www.scenichudson.org	27.0	93.0	96.0	92.0	10	OK	https://www.facebook.com/ScenicHudson	https://www.instagram.com/scenichudson	https://www.youtube.com/user/scenichudson	https://www.linkedin.com/company/scenic-hudson-inc/
New York	Thousand Islands Land Trust	https://tilandtrust.org	54.0	96.0	64.0	100.0	1	OK				
New York	Tug Hill Tomorrow Land Trust	https://tughilltomorrowlandtrust.org	59.0	84.0	100.0	85.0	3	OK	http://www.facebook.com/pages/Tug-Hill-Tomorrow-Land-Trust/300904995612/	https://www.instagram.com/tughillnature/	https://www.youtube.com/channel/UCPPlwJHXBUyBF53KToGLbgA	
New York	Wallkill Valley Land Trust	https://wallkillvalleylt.org	55.0	92.0	96.0	85.0	3	OK	https://www.facebook.com/Wallkill.Valley.Land.Trust	https://www.instagram.com/wallkillvalleylandtrust/		
New York	Westchester Land Trust	https://westchesterlandtrust.org	31.0	68.0	79.0	69.0	8	OK	https://www.facebook.com/WestchesterLandTrust/	https://www.instagram.com/westchesterlandtrust		https://www.linkedin.com/company/westchester-land-trust
New York	Western New York Land Conservancy	https://wnylc.org	71.0	95.0	100.0	92.0	2	OK				
New York	Winnakee Land Trust	https://winnakeeland.org	81.0	91.0	96.0	85.0	4	OK				
New York	Woodstock Land Conservancy	https://woodstocklandconservancy.org	62.0	92.0	71.0	100.0	4	OK				
North Carolina	Blue Ridge Conservancy	https://blueridgeconservancy.org	14.0	94.0	96.0	85.0	6	OK	https://www.facebook.com/brconservancy/	https://www.instagram.com/brconservancy/	https://www.youtube.com/channel/UCEgs4Pw1M0NFXzTDb2QrBvw?view_as=subscriber	
North Carolina	Catawba Lands Conservancy	https://catawbalands.org	56.0	73.0	93.0	77.0	8	OK	https://www.facebook.com/CatawbaLands/	https://www.instagram.com/catawbalands/	https://www.youtube.com/channel/UCzvHhYlHvPWiX6arhKcyiDw	
North Carolina	Conservation Trust for North Carolina	https://ctnc.org	57.0	85.0	100.0	92.0	5	OK	https://www.facebook.com/ct4nc	https://www.instagram.com/conservationtrust4nc/		https://www.linkedin.com/company/conservation-trust-for-north-carolina/
North Carolina	Conserving Carolina	https://conservingcarolina.org	70.0	82.0	96.0	92.0	7	OK	https://www.facebook.com/conservingcarolina/	https://www.instagram.com/conservingcarolina/	https://www.youtube.com/channel/UC7inuOKRMb50qnGadY0hy3w	
North Carolina	Davidson Lands Conservancy	https://www.davidsonlands.org	53.0	89.0	82.0	92.0	5	OK				
North Carolina	Eno River Association	https://www.enoriver.org	37.0	93.0	79.0	100.0	4	OK	https://www.facebook.com/EnoRiverAssociation/	https://www.instagram.com/enoriver/	https://www.youtube.com/channel/UC7X45pOJr6jsjqEaltUCH7w	
North Carolina	Foothills Conservancy of North Carolina	https://foothillsconservancy.org	38.0	81.0	100.0	85.0	5	OK				
North Carolina	Highlands-Cashiers Land Trust	https://www.hicashlt.org					ERR	OK				
North Carolina	Mainspring Conservation Trust	https://www.mainspringconserves.org	40.0	89.0	100.0	92.0	5	OK	https://www.facebook.com/Mainspring-Conservation-Trust-43877218538/?ref=hl	https://www.instagram.com/mainspringconserves/		
North Carolina	New River Conservancy	https://newriverconservancy.org	56.0	93.0	100.0	100.0	4	OK	https://www.facebook.com/newriverconservancy	https://www.instagram.com/newriverconservancy/	https://www.youtube.com/@newriverconservancy6373/videos	
North Carolina	North Carolina Coastal Land Trust	https://www.coastallandtrust.org	58.0	79.0	93.0	69.0	7	OK				
North Carolina	Piedmont Land Conservancy	https://www.piedmontland.org	57.0	92.0	100.0	92.0	6	OK	https://www.facebook.com/piedmontland/	https://www.instagram.com/piedmontland/?hl=en	https://www.youtube.com/channel/UC9VrcON2XzFALQP4tV-K7Wg	
North Carolina	RiverLink	https://riverlink.org	62.0	84.0	96.0	92.0	8	OK	https://www.facebook.com/riverlink	https://www.instagram.com/river.link/	https://www.youtube.com/channel/UCiOZfkWSbKgnrflpKe42EcQ	
North Carolina	Southern Appalachian Highlands Conservancy	https://appalachian.org	58.0	82.0	96.0	85.0	9	OK	https://www.facebook.com/southernappalachianhighlandsconservancy	http://instagram.com/appalachian_org	https://www.youtube.com/channel/UCLGC2qU5opPEdqR8EPpPbSg	https://www.linkedin.com/company/southern-appalachian-highlands-conservancy?trk=cp_followed_name_southern-appalachian-highlands-conservancy
North Carolina	Tar River Land Conservancy	https://tarriverlandconservancy.org					ERR	ManualReview				
North Carolina	The Walthour-Moss Foundation	https://walthour-moss.org	50.0	73.0	79.0	92.0	4	OK	https://www.facebook.com/pages/The-Walthour-Moss-Foundation/80497192294	http://instagram.com/walthourmoss		
North Carolina	Three Rivers Land Trust	https://threeriverslandtrust.org	27.0	84.0	79.0	85.0	8	OK				
North Carolina	Triangle Land Conservancy	https://triangleland.org	36.0	81.0	82.0	85.0	7	OK	https://www.facebook.com/trianglelandconservancy/	https://www.instagram.com/trianglelandconservancy/	https://www.youtube.com/user/triangleland	https://www.linkedin.com/company/triangle-land-conservancy
